ldm_entity,related_entities
SUBDOMAIN,MAINTENANCE_AGENCY:DOMAIN:FACET_COLLECTION
SUBDOMAIN_ENUMERATION,MEMBER:MAINTENANCE_AGENCY:DOMAIN:FACET_COLLECTION:SUBDOMAIN
DOMAIN,MAINTENANCE_AGENCY:FACET_COLLECTION
FACET_COLLECTION,MAINTENANCE_AGENCY
MAINTENANCE_AGENCY,
MEMBER,MAINTENANCE_AGENCY:DOMAIN:FACET_COLLECTION
MEMBER_HIERARCHY,MAINTENANCE_AGENCY:DOMAIN:FACET_COLLECTION
MEMBER_HIERARCHY_NODE,MEMBER_HIERARCHY:MAINTENANCE_AGENCY:DOMAIN:FACET_COLLECTION:MEMBER
VARIABLE,MAINTENANCE_AGENCY:DOMAIN:FACET_COLLECTION
VARIABLE_SET,MAINTENANCE_AGENCY
VARIABLE_SET_ENUMERATION,VARIABLE_SET:MAINTENANCE_AGENCY:VARIABLE:DOMAIN:FACET_COLLECTION:SUBDOMAIN
FRAMEWORK,MAINTENANCE_AGENCY
MEMBER_MAPPING,MAINTENANCE_AGENCY
MEMBER_MAPPING_ITEM,MEMBER_MAPPING:MAINTENANCE_AGENCY:VARIABLE:DOMAIN:FACET_COLLECTION:MEMBER:MEMBER_HIERARCHY
VARIABLE_MAPPING_ITEM,VARIABLE_MAPPING:MAINTENANCE_AGENCY:VARIABLE:DOMAIN:FACET_COLLECTION
VARIABLE_MAPPING,MAINTENANCE_AGENCY
MAPPING_TO_CUBE,MAPPING_DEFINITION:MAINTENANCE_AGENCY:MEMBER_MAPPING:VARIABLE_MAPPING
MAPPING_DEFINITION,MAINTENANCE_AGENCY:MEMBER_MAPPING:VARIABLE_MAPPING
AXIS,TABLE:MAINTENANCE_AGENCY
AXIS_ORDINATE,AXIS:TABLE:MAINTENANCE_AGENCY
CELL_POSITION,TABLE_CELL:TABLE:MAINTENANCE_AGENCY:AXIS_ORDINATE:AXIS
ORDINATE_ITEM,AXIS_ORDINATE:AXIS:TABLE:MAINTENANCE_AGENCY:VARIABLE:DOMAIN:FACET_COLLECTION:MEMBER:MEMBER_HIERARCHY
TABLE,MAINTENANCE_AGENCY
TABLE_CELL,TABLE:MAINTENANCE_AGENCY
CUBE_STRUCTURE,MAINTENANCE_AGENCY
CUBE_STRUCTURE_ITEM,CUBE_STRUCTURE:MAINTENANCE_AGENCY:VARIABLE:DOMAIN:FACET_COLLECTION:SUBDOMAIN:VARIABLE_SET:MEMBER
CUBE,MAINTENANCE_AGENCY:FRAMEWORK:CUBE_STRUCTURE
CUBE_LINK,MAINTENANCE_AGENCY:CUBE:FRAMEWORK:CUBE_STRUCTURE
CUBE_STRUCTURE_ITEM_LINK,CUBE_LINK:MAINTENANCE_AGENCY:CUBE:FRAMEWORK:CUBE_STRUCTURE:CUBE_STRUCTURE_ITEM:VARIABLE:DOMAIN:FACET_COLLECTION:SUBDOMAIN:VARIABLE_SET:MEMBER
COMBINATION,MAINTENANCE_AGENCY:VARIABLE:DOMAIN:FACET_COLLECTION
COMBINATION_ITEM,COMBINATION:MAINTENANCE_AGENCY:VARIABLE:DOMAIN:FACET_COLLECTION:SUBDOMAIN:VARIABLE_SET:MEMBER:MEMBER_HIERARCHY
CUBE_TO_COMBINATION,CUBE:MAINTENANCE_AGENCY:FRAMEWORK:CUBE_STRUCTURE:COMBINATION:VARIABLE:DOMAIN:FACET_COLLECTION
MEMBER_LINK,CUBE_STRUCTURE_ITEM_LINK:CUBE_LINK:MAINTENANCE_AGENCY:CUBE:FRAMEWORK:CUBE_STRUCTURE:CUBE_STRUCTURE_ITEM:VARIABLE:DOMAIN:SUBDOMAIN:FACET_COLLECTION:VARIABLE_SET:MEMBER
ASST_PL,
ASST_PL_CLLTRL_RCVD_ASSGNMNT,ASST_PL:CLLTRL_RL:CLLTRL:PRTCTN_ARRNGMNT:SCRTY_EXCHNG_TRDBL_DRVTV
ASST_PL_DBT_SCRTY_PSTN_ASSGNMNT,ASST_PL:SCRTY_PSTN:ENTTY_RL:PRTY:GRP:SCRTY_EXCHNG_TRDBL_DRVTV
ASST_PL_EXCHNG_TRDBL_DRVTV_PSTN_ASSGNMNT,ASST_PL:EXCHNG_TRDBL_DRVTV_PSTN:ENTTY_RL:PRTY:GRP:SCRTY_EXCHNG_TRDBL_DRVTV
ASST_PL_INSTRMNT_ASSGNMNT,ASST_PL:INSTRMNT:BLNC_SHT_NTTNG:CRDT_FCLTY:FNNCL_CNTRCT:SYNDCTD_CNTRCT
BLNC_SHT_NTTNG,
CLLTRL,PRTCTN_ARRNGMNT:SCRTY_EXCHNG_TRDBL_DRVTV
CLLTRL_GVN_INSTRMNT_DBT_SCRTY_ISSD_ASSGNMNT,DBT_SCRTY_ISSD:SCRTY_EXCHNG_TRDBL_DRVTV:INSTRMNT_RL:INSTRMNT:BLNC_SHT_NTTNG:CRDT_FCLTY:FNNCL_CNTRCT:SYNDCTD_CNTRCT
CLLTRL_NN_FNNCL_ASST_ASSGNMNT,CLLTRL:PRTCTN_ARRNGMNT:SCRTY_EXCHNG_TRDBL_DRVTV:NN_FNNCL_ASST
CLLTRL_RL,CLLTRL:PRTCTN_ARRNGMNT:SCRTY_EXCHNG_TRDBL_DRVTV
CRDT_FCLTY,FNNCL_CNTRCT:SYNDCTD_CNTRCT
CRDT_FCLTY_CLLTRL_ASSGNMNT,CLLTRL_RL:CLLTRL:PRTCTN_ARRNGMNT:SCRTY_EXCHNG_TRDBL_DRVTV:CRDT_FCLTY:FNNCL_CNTRCT:SYNDCTD_CNTRCT
CRDT_FCLTY_CLLTRL_RCVD_INSTRMNT_ASSGNMNT,CRDT_FCLTY:FNNCL_CNTRCT:SYNDCTD_CNTRCT:INSTRMNT_RL:INSTRMNT:BLNC_SHT_NTTNG
CRDT_FCLTY_ENTTY_RL_ASSGNMNT,CRDT_FCLTY:FNNCL_CNTRCT:SYNDCTD_CNTRCT:ENTTY_RL:PRTY:GRP
CRDT_RSK_MTGTN_ASSGNMNT,CLLTRL:PRTCTN_ARRNGMNT:SCRTY_EXCHNG_TRDBL_DRVTV
CRDT_TRNSFR_OTHR_SCRTSTN_CVRD_BND_PRGRM,ASST_PL
CSH_HND,
CVRD_BND_ISSNC,CVRD_BND_PRGRM:ASST_PL:SCRTY_EXCHNG_TRDBL_DRVTV
CVRD_BND_PRGRM,ASST_PL
CVRD_BND_PRGRMM_RLVNT_RGM_EXCSS,CVRD_BND_PRGRM:ASST_PL
DBT_SCRTY_ISSD,SCRTY_EXCHNG_TRDBL_DRVTV
DBT_SCRTY_ISSD_HDG,DBT_SCRTY_ISSD:SCRTY_EXCHNG_TRDBL_DRVTV
DBT_SCRTY_ISSD_PRTCN_ARRNGMNT_GVN_ASSGNMNT,DBT_SCRTY_ISSD:SCRTY_EXCHNG_TRDBL_DRVTV:PRTCTN_ARRNGMNT_RL:PRTCTN_ARRNGMNT
DBT_SCRTY_ISSD_TRDTNL_SCRTSTN_ASSGNMNT,DBT_SCRTY_ISSD:SCRTY_EXCHNG_TRDBL_DRVTV:TRDTNL_SCRTSTN:ASST_PL:CRDT_FCLTY:FNNCL_CNTRCT:SYNDCTD_CNTRCT
ENTTY_RL,PRTY:GRP
EQT_INSTRMNT_NT_SCRT_HDG,INSTRMNT:BLNC_SHT_NTTNG:CRDT_FCLTY:FNNCL_CNTRCT:SYNDCTD_CNTRCT
ETD_LBLTY_PSTN_SNTHTC_SCRTSTN_ASSGNMNT,EXCHNG_TRDBL_DRVTV_PSTN_RL:EXCHNG_TRDBL_DRVTV_PSTN:ENTTY_RL:PRTY:SCRTY_EXCHNG_TRDBL_DRVTV:SNTHTC_SCRTSTN:ASST_PL
EXCHNG_TRDBL_DRVTV_PSTN,ENTTY_RL:PRTY:GRP:SCRTY_EXCHNG_TRDBL_DRVTV
EXCHNG_TRDBL_DRVTV_PSTN_PRTCN_ARRNGMNT_ASSGNMNT,EXCHNG_TRDBL_DRVTV_PSTN:ENTTY_RL:PRTY:GRP:SCRTY_EXCHNG_TRDBL_DRVTV:PRTCTN_ARRNGMNT_RL:PRTCTN_ARRNGMNT
EXCHNG_TRDBL_DRVTV_PSTN_RL,EXCHNG_TRDBL_DRVTV_PSTN:ENTTY_RL:PRTY:GRP:SCRTY_EXCHNG_TRDBL_DRVTV
FNDMNTL_RVW_TRDNG_BK_STNDRD_APPRCH_RSK_MSR_ETD_PSTNS,EXCHNG_TRDBL_DRVTV_PSTN:ENTTY_RL:PRTY:GRP:SCRTY_EXCHNG_TRDBL_DRVTV:RSK_FAC_SA
FNDMNTL_RVW_TRDNG_BK_STNDRD_APPRCH_RSK_MSR_FR_SCRTY_PSTNS,RSK_FAC_SA:ENTTY_RL:PRTY:GRP:SCRTY_EXCHNG_TRDBL_DRVTV:SCRTY_PSTN
FNDMNTL_RVW_TRDNG_BK_STNDRD_APPRCH_RSK_MSR_OTC_PSTNS,INSTRMNT:BLNC_SHT_NTTNG:CRDT_FCLTY:FNNCL_CNTRCT:SYNDCTD_CNTRCT:RSK_FAC_SA:ENTTY_RL:PRTY:GRP:SCRTY_EXCHNG_TRDBL_DRVTV
FNNCL_CNTRCT,SYNDCTD_CNTRCT
FNNCL_GRNT_INSTRMNT_DBT_SCRT_DBT_SCRTY_ASSGNMNT,INSTRMNT:BLNC_SHT_NTTNG:CRDT_FCLTY:FNNCL_CNTRCT:SYNDCTD_CNTRCT:SCRTY_EXCHNG_TRDBL_DRVTV
FR_VL_DCRS_CNTNGNT_ENCMBRNC,
GLD_CLLTRL_LG_GLD_CLLTRL_ASSGNMNT,CLLTRL:PRTCTN_ARRNGMNT:SCRTY_EXCHNG_TRDBL_DRVTV:RPRCHS_AGRMNT_CMPNNT:INSTRMNT:BLNC_SHT_NTTNG:CRDT_FCLTY:FNNCL_CNTRCT:SYNDCTD_CNTRCT
GRP,
GRP_KY_MNGMNT_PRSNLL_ASSGNMNT,ENTTY_RL:PRTY:GRP
IMMDT_PRNT_ENTRPRS_ASSGNMNT,ENTTY_RL:PRTY:GRP
INSTRMNT,BLNC_SHT_NTTNG:CRDT_FCLTY:FNNCL_CNTRCT:SYNDCTD_CNTRCT
INSTRMNT_CLLTRL_ASSGNMNT,CLLTRL_RL:CLLTRL:PRTCTN_ARRNGMNT:SCRTY_EXCHNG_TRDBL_DRVTV:INSTRMNT:BLNC_SHT_NTTNG:CRDT_FCLTY:FNNCL_CNTRCT:SYNDCTD_CNTRCT
INSTRMNT_CLLTRL_RCVD_INSTRMNT_ASSGNMNT,INSTRMNT:BLNC_SHT_NTTNG:CRDT_FCLTY:FNNCL_CNTRCT:SYNDCTD_CNTRCT:INSTRMNT_RL
INSTRMNT_ENTTY_RL_ASSGNMNT,ENTTY_RL:PRTY:GRP:INSTRMNT:BLNC_SHT_NTTNG:CRDT_FCLTY:FNNCL_CNTRCT:SYNDCTD_CNTRCT
INSTRMNT_HDGD_EXCHNG_TRDBL_DRVTV,EXCHNG_TRDBL_DRVTV_PSTN_RL:EXCHNG_TRDBL_DRVTV_PSTN:ENTTY_RL:PRTY:SCRTY_EXCHNG_TRDBL_DRVTV:INSTRMNT:BLNC_SHT_NTTNG:CRDT_FCLTY:FNNCL_CNTRCT:SYNDCTD_CNTRCT
INSTRMNT_HDGD_OTC_DRVTV,INSTRMNT:BLNC_SHT_NTTNG:CRDT_FCLTY:FNNCL_CNTRCT:SYNDCTD_CNTRCT:OTC_DRVTV_HDG
INSTRMNT_PRTCTN_ARRNGMNT_ASSGNMNT,INSTRMNT:BLNC_SHT_NTTNG:CRDT_FCLTY:FNNCL_CNTRCT:SYNDCTD_CNTRCT:PRTCTN_ARRNGMNT_RL:PRTCTN_ARRNGMNT
INSTRMNT_RL,INSTRMNT:BLNC_SHT_NTTNG:CRDT_FCLTY:FNNCL_CNTRCT:SYNDCTD_CNTRCT
INTRNL_GRP_RL,GRP
INTRST_RT_RSK_HDG_PRTFL,
KB_PR_BCKT,
LN_EXCLDNG_RPRCHS_AGRMNT_AND_ADVNC_HDG,INSTRMNT:BLNC_SHT_NTTNG:CRDT_FCLTY:FNNCL_CNTRCT:SYNDCTD_CNTRCT
LNG_DBT_SCRTY_PSTN_ENCMBRNC_DRVD_DT,SCRTY_PSTN:ENTTY_RL:PRTY:GRP:SCRTY_EXCHNG_TRDBL_DRVTV
LNG_EQTY_FND_SCRYT_PSTN_ENCMBRNC_DT,SCRTY_PSTN:ENTTY_RL:PRTY:GRP:SCRTY_EXCHNG_TRDBL_DRVTV
LNG_NN_NGTBL_SCRTY_PSTN_CLLTRL_ASSGNMNT,CLLTRL_RL:CLLTRL:PRTCTN_ARRNGMNT:SCRTY_EXCHNG_TRDBL_DRVTV:SCRTY_PSTN:ENTTY_RL:PRTY:GRP
LNG_SCRTY_PSTN_HDG,SCRTY_PSTN:ENTTY_RL:PRTY:GRP:SCRTY_EXCHNG_TRDBL_DRVTV
LNG_SCRTY_PSTN_PRDNTL_PRTFL_ASSGNMNT,SCRTY_PSTN:ENTTY_RL:PRTY:GRP:SCRTY_EXCHNG_TRDBL_DRVTV
LNG_SCRTY_PSTN_PRDNTL_PRTFL_ASSGNMNT_ACCNTNG_CLSSFCTN_FNNCL_ASSTS_ASSGNMNT,LNG_SCRTY_PSTN_PRDNTL_PRTFL_ASSGNMNT:SCRTY_PSTN:ENTTY_RL:PRTY:SCRTY_EXCHNG_TRDBL_DRVTV
LNG_SCRTY_PSTN_PRDNTL_PRTFL_ASSGNMNT_RSK_DT,LNG_SCRTY_PSTN_PRDNTL_PRTFL_ASSGNMNT:SCRTY_PSTN:ENTTY_RL:PRTY:SCRTY_EXCHNG_TRDBL_DRVTV
LNG_SCRTY_PSTN_PRTCTN_ARRNGMNT_GVN_ASSGNMNT,PRTCTN_ARRNGMNT_RL:PRTCTN_ARRNGMNT:SCRTY_PSTN:ENTTY_RL:PRTY:GRP:SCRTY_EXCHNG_TRDBL_DRVTV
LNKD_ENTRPRS_ASSGNMNT,ENTTY_RL:PRTY:GRP
MSTR_AGRMNT,
MSTR_AGRMNT_ENTTY_RL_ASSGNMNT,ENTTY_RL:PRTY:GRP:MSTR_AGRMNT
MSTR_AGRMNT_FNNCL_CNTRCT_ASSGNMNT,FNNCL_CNTRCT:SYNDCTD_CNTRCT:MSTR_AGRMNT
NN_FNNCL_ASST,
NN_FNNCL_LBLTY,
NTRL_PRSN_KY_MNGMNT_PRSNLL_ASSGNMNT,ENTTY_RL:PRTY:GRP
OTC_DRVTV_HDG,INSTRMNT:BLNC_SHT_NTTNG:CRDT_FCLTY:FNNCL_CNTRCT:SYNDCTD_CNTRCT
OTC_DRVTV_INSTRMNT_SNTHTC_SCRTSTN_ASSGNMNT,INSTRMNT:BLNC_SHT_NTTNG:CRDT_FCLTY:FNNCL_CNTRCT:SYNDCTD_CNTRCT:SNTHTC_SCRTSTN:ASST_PL
OTHR_PRTY_ID,PRTY_CD:PRTY:GRP
PRTCTN_ARRNGMNT,
PRTCTN_ARRNGMNT_RL,PRTCTN_ARRNGMNT
PRTCTN_PRTCTN_PRVD_ASSGNMNT,ENTTY_RL:PRTY:GRP:PRTCTN_ARRNGMNT
PRTNR_ENTRPRS_ASSGNMNT,ENTTY_RL:PRTY:GRP
PRTY,GRP:PRTY
PRTY_CD,PRTY:GRP
PRTY_PRVS_PRD_DT,PRTY:GRP
RPRCHS_AGRMNT_CMPNNT,INSTRMNT:BLNC_SHT_NTTNG:CRDT_FCLTY:FNNCL_CNTRCT:SYNDCTD_CNTRCT
RSK_FAC_SA,ENTTY_RL:PRTY:GRP:SCRTY_EXCHNG_TRDBL_DRVTV
RTNG_AGNCY,
RTNG_AGNCY_EXCSS_MTHDLGY_CVRD_BND_PRGRMM_ASSGNMNT,CVRD_BND_PRGRM:ASST_PL:RTNG_AGNCY
RTNG_GRD,RTNG_SYSTM:RTNG_AGNCY
RTNG_GRD_CNTRL_BNK_PRVT_SCTR_CMPN_ASSGNMNT,PRTY:GRP:RTNG_GRD:RTNG_SYSTM:RTNG_AGNCY
RTNG_GRD_CNTRY_ASSGNMNT,RTNG_GRD:RTNG_SYSTM:RTNG_AGNCY
RTNG_GRD_ISS_BSD_RTNG_SSTM_DBT_SCRTY_ASSGNMNT,RTNG_GRD:RTNG_SYSTM:RTNG_AGNCY:SCRTY_EXCHNG_TRDBL_DRVTV
RTNG_SYSTM,RTNG_AGNCY
RTNG_SYSTM_APPLD_LGL_PRSN,PRTY:GRP:RTNG_SYSTM:RTNG_AGNCY
SBSDRY_JNT_VNTR_ASSCT_OTHR_ORGNSTN_ASSGNMNT,ENTTY_RL:PRTY:GRP
SCRTY_BRRWNG_CMPNNT_SCRTY_CLLTRL_ASSGNMNT,CLLTRL:PRTCTN_ARRNGMNT:SCRTY_EXCHNG_TRDBL_DRVTV:SCTRY_BRRWNG_LNDNG_TRNSCTN_INCLDNG_CSH_CLLTRL:INSTRMNT:BLNC_SHT_NTTNG:CRDT_FCLTY:FNNCL_CNTRCT:SYNDCTD_CNTRCT
SCRTY_CLLTRL_LNDNG_CMPNNT_SCRTY_CLLTRL_ASSGNMNT,CLLTRL:PRTCTN_ARRNGMNT:SCRTY_EXCHNG_TRDBL_DRVTV:SCTRY_BRRWNG_LNDNG_TRNSCTN_INCLDNG_CSH_CLLTRL:INSTRMNT:BLNC_SHT_NTTNG:CRDT_FCLTY:FNNCL_CNTRCT:SYNDCTD_CNTRCT
SCRTY_ENTTY_RL_ASSGNMNT,ENTTY_RL:PRTY:GRP:SCRTY_EXCHNG_TRDBL_DRVTV
SCRTY_EXCHNG_TRDBL_DRVTV,
SCRTY_HDGD_EXCHNG_TRDBL_DRVTV,EXCHNG_TRDBL_DRVTV_PSTN_RL:EXCHNG_TRDBL_DRVTV_PSTN:ENTTY_RL:PRTY:SCRTY_EXCHNG_TRDBL_DRVTV:LNG_SCRTY_PSTN_PRDNTL_PRTFL_ASSGNMNT:SCRTY_PSTN
SCRTY_LNDNG_CMPNNT_SCRTY_ASSGNMNT,SCRTY_EXCHNG_TRDBL_DRVTV:SCTRY_BRRWNG_LNDNG_TRNSCTN_INCLDNG_CSH_CLLTRL:INSTRMNT:BLNC_SHT_NTTNG:CRDT_FCLTY:FNNCL_CNTRCT:SYNDCTD_CNTRCT
SCRTY_PSTN,ENTTY_RL:PRTY:GRP:SCRTY_EXCHNG_TRDBL_DRVTV
SCRTY_PSTN_HDGD_OTC_DRVTV,LNG_SCRTY_PSTN_PRDNTL_PRTFL_ASSGNMNT:SCRTY_PSTN:ENTTY_RL:PRTY:SCRTY_EXCHNG_TRDBL_DRVTV:OTC_DRVTV_HDG:INSTRMNT:BLNC_SHT_NTTNG:CRDT_FCLTY:FNNCL_CNTRCT:SYNDCTD_CNTRCT
SCRTY_SCRTY_RPRCHS_AGRMNT_CMPNNT_ASSGNMNT,CLLTRL:PRTCTN_ARRNGMNT:SCRTY_EXCHNG_TRDBL_DRVTV:RPRCHS_AGRMNT_CMPNNT:INSTRMNT:BLNC_SHT_NTTNG:CRDT_FCLTY:FNNCL_CNTRCT:SYNDCTD_CNTRCT
SCTRY_BRRWNG_LNDNG_TRNSCTN_INCLDNG_CSH_CLLTRL,INSTRMNT:BLNC_SHT_NTTNG:CRDT_FCLTY:FNNCL_CNTRCT:SYNDCTD_CNTRCT
SGNFCNT_CRRNCY_DPRCTN_CNTNGNT_ENCMBRNC,
SHRT_SCRTY_PSTN_PRDNTL_PRTFL_ASSGNMNT,SCRTY_PSTN:ENTTY_RL:PRTY:GRP:SCRTY_EXCHNG_TRDBL_DRVTV
SNTHTC_SCRTSTN,ASST_PL
SYNDCTD_CNTRCT,
TRDTNL_SCRTSTN,ASST_PL:CRDT_FCLTY:FNNCL_CNTRCT:SYNDCTD_CNTRCT
TRNCH_SYNTHTC_SCRTSTN_WTHT_SSPE_DPST,INSTRMNT:BLNC_SHT_NTTNG:CRDT_FCLTY:FNNCL_CNTRCT:SYNDCTD_CNTRCT:SNTHTC_SCRTSTN:ASST_PL
TRNCH_SYNTHTC_SCRTSTN_WTHT_SSPE_FNNCL_GRNT,INSTRMNT:BLNC_SHT_NTTNG:CRDT_FCLTY:FNNCL_CNTRCT:SYNDCTD_CNTRCT:SNTHTC_SCRTSTN:ASST_PL
TRNCH_TRDTNL_SCRTSTN,SCRTY_EXCHNG_TRDBL_DRVTV:TRDTNL_SCRTSTN:ASST_PL:CRDT_FCLTY:FNNCL_CNTRCT:SYNDCTD_CNTRCT
TRNSFRRD_ASST_LG_INSTRMNT_ASSGNMNT,INSTRMNT:BLNC_SHT_NTTNG:CRDT_FCLTY:FNNCL_CNTRCT:SYNDCTD_CNTRCT:RPRCHS_AGRMNT_CMPNNT
