MEMBER_HIERARCHY_ID,MEMBER_ID,LEVEL,PARENT_MEMBER_ID,COMPARATOR,OPERATOR,VALID_FROM,VALID_TO
PRPS_HIER_3,PRPS_-1,1,,=,,1900-01-01,9999-12-31
PRPS_HIER_2,PRPS_16,1,,=,,1900-01-01,9999-12-31
PRPS_HIER_1,PRPS_-1,1,,=,,1900-01-01,9999-12-31
PRPS_HIER_1,PRPS_7,2,PRPS_-1,,+,1900-01-01,9999-12-31
PRPS_HIER_1,PRPS_9,2,PRPS_-1,,+,1900-01-01,9999-12-31
PRPS_HIER_3,PRPS_12,3,PRPS_2,,+,1900-01-01,9999-12-31
PRPS_HIER_1,PRPS_6,2,PRPS_-1,,+,1900-01-01,9999-12-31
PRPS_HIER_2,PRPS_1,2,PRPS_16,,+,1900-01-01,9999-12-31
PRPS_HIER_1,PRPS_8,2,PRPS_-1,,+,1900-01-01,9999-12-31
PRPS_HIER_2,PRPS_3,2,PRPS_16,,+,1900-01-01,9999-12-31
PRPS_HIER_1,PRPS_4,2,PRPS_-1,,+,1900-01-01,9999-12-31
PRPS_HIER_1,PRPS_1,3,PRPS_11,,+,1900-01-01,9999-12-31
PRPS_HIER_2,PRPS_2,2,PRPS_16,,+,1900-01-01,9999-12-31
PRPS_HIER_1,PRPS_5,2,PRPS_-1,,+,1900-01-01,9999-12-31
PRPS_HIER_3,PRPS_2,2,PRPS_-1,=,+,1900-01-01,9999-12-31
PRPS_HIER_1,PRPS_19,3,PRPS_11,,+,1900-01-01,9999-12-31
PRPS_HIER_1,PRPS_12,2,PRPS_-1,,+,1900-01-01,9999-12-31
PRPS_HIER_1,PRPS_13,2,PRPS_-1,,+,1900-01-01,9999-12-31
PRPS_HIER_1,PRPS_11,2,PRPS_-1,=,+,1900-01-01,9999-12-31
CRRNCY_HIER_1,CRRNCY_Z01,1,,>=,,1900-01-01,9999-12-31
CRDT_QLTY_HIER_4,CRDT_QLTY_34,1,,=,,1900-01-01,9999-12-31
CRDT_QLTY_HIER_1,CRDT_QLTY_-1,1,,=,,1900-01-01,9999-12-31
CRDT_QLTY_HIER_6,CRDT_QLTY_21,1,,=,,1900-01-01,9999-12-31
CRDT_QLTY_HIER_5,CRDT_QLTY_15,1,,=,,1900-01-01,9999-12-31
CRDT_QLTY_HIER_2,CRDT_QLTY_17,1,,=,,1900-01-01,9999-12-31
CRDT_QLTY_HIER_3,CRDT_QLTY_10,1,,=,,1900-01-01,9999-12-31
CRRNCY_HIER_1,CRRNCY_INR,2,CRRNCY_Z01,,+,1900-01-01,9999-12-31
CRRNCY_HIER_1,CRRNCY_DKK,2,CRRNCY_Z01,,+,1900-01-01,9999-12-31
CRRNCY_HIER_1,CRRNCY_TRL,2,CRRNCY_Z01,,+,1900-01-01,9999-12-31
CRRNCY_HIER_1,CRRNCY_UZS,2,CRRNCY_Z01,,+,1900-01-01,9999-12-31
CRRNCY_HIER_1,CRRNCY_SDP,2,CRRNCY_Z01,,+,1900-01-01,9999-12-31
CRRNCY_HIER_1,CRRNCY_SDD,2,CRRNCY_Z01,,+,1900-01-01,9999-12-31
CRRNCY_HIER_1,CRRNCY_TMM,2,CRRNCY_Z01,,+,1900-01-01,9999-12-31
CRRNCY_HIER_1,CRRNCY_PYG,2,CRRNCY_Z01,,+,1900-01-01,9999-12-31
CRRNCY_HIER_1,CRRNCY_SAR,2,CRRNCY_Z01,,+,1900-01-01,9999-12-31
CRRNCY_HIER_1,CRRNCY_PLZ,2,CRRNCY_Z01,,+,1900-01-01,9999-12-31
CRRNCY_HIER_1,CRRNCY_LBP,2,CRRNCY_Z01,,+,1900-01-01,9999-12-31
CRRNCY_HIER_1,CRRNCY_PLN,2,CRRNCY_Z01,,+,1900-01-01,9999-12-31
CRRNCY_HIER_1,CRRNCY_IDR,2,CRRNCY_Z01,,+,1900-01-01,9999-12-31
CRRNCY_HIER_1,CRRNCY_XPD,2,CRRNCY_Z01,,+,1900-01-01,9999-12-31
CRRNCY_HIER_1,CRRNCY_XPT,2,CRRNCY_Z01,,+,1900-01-01,9999-12-31
CRRNCY_HIER_1,CRRNCY_CHF,2,CRRNCY_Z01,,+,1900-01-01,9999-12-31
CRRNCY_HIER_1,CRRNCY_MUR,2,CRRNCY_Z01,,+,1900-01-01,9999-12-31
CRRNCY_HIER_1,CRRNCY_GBP,2,CRRNCY_Z01,,+,1900-01-01,9999-12-31
CRRNCY_HIER_1,CRRNCY_ERN,2,CRRNCY_Z01,,+,1900-01-01,9999-12-31
CRRNCY_HIER_1,CRRNCY_XTS,2,CRRNCY_Z01,,+,1900-01-01,9999-12-31
CRRNCY_HIER_1,CRRNCY_SPL,2,CRRNCY_Z01,,+,1900-01-01,9999-12-31
CRRNCY_HIER_1,CRRNCY_CSD,2,CRRNCY_Z01,,+,1900-01-01,9999-12-31
CRRNCY_HIER_1,CRRNCY_KPW,2,CRRNCY_Z01,,+,1900-01-01,9999-12-31
CRRNCY_HIER_1,CRRNCY_MNT,2,CRRNCY_Z01,,+,1900-01-01,9999-12-31
CRRNCY_HIER_1,CRRNCY_-99,2,CRRNCY_Z01,,+,1900-01-01,9999-12-31
CRRNCY_HIER_1,CRRNCY_PGK,2,CRRNCY_Z01,,+,1900-01-01,9999-12-31
CRRNCY_HIER_1,CRRNCY_ALL,2,CRRNCY_Z01,,+,1900-01-01,9999-12-31
CRRNCY_HIER_1,CRRNCY_DJF,2,CRRNCY_Z01,,+,1900-01-01,9999-12-31
CRRNCY_HIER_1,CRRNCY_MDL,2,CRRNCY_Z01,,+,1900-01-01,9999-12-31
CRRNCY_HIER_1,CRRNCY_SZL,2,CRRNCY_Z01,,+,1900-01-01,9999-12-31
CRRNCY_HIER_1,CRRNCY_DOP,2,CRRNCY_Z01,,+,1900-01-01,9999-12-31
CRRNCY_HIER_1,CRRNCY_LVL,2,CRRNCY_Z01,,+,1900-01-01,9999-12-31
CRRNCY_HIER_1,CRRNCY_CYP,2,CRRNCY_Z01,,+,1900-01-01,9999-12-31
CRRNCY_HIER_1,CRRNCY_XAF,2,CRRNCY_Z01,,+,1900-01-01,9999-12-31
CRRNCY_HIER_1,CRRNCY_KHR,2,CRRNCY_Z01,,+,1900-01-01,9999-12-31
CRRNCY_HIER_1,CRRNCY_GEL,2,CRRNCY_Z01,,+,1900-01-01,9999-12-31
CRRNCY_HIER_1,CRRNCY_EUR,2,CRRNCY_Z01,,+,1900-01-01,9999-12-31
CRRNCY_HIER_1,CRRNCY_ADF,2,CRRNCY_Z01,,+,1900-01-01,9999-12-31
CRRNCY_HIER_1,CRRNCY_USD,2,CRRNCY_Z01,,+,1900-01-01,9999-12-31
CRRNCY_HIER_1,CRRNCY_FRF,2,CRRNCY_Z01,,+,1900-01-01,9999-12-31
CRRNCY_HIER_1,CRRNCY_LAK,2,CRRNCY_Z01,,+,1900-01-01,9999-12-31
CRRNCY_HIER_1,CRRNCY_BIF,2,CRRNCY_Z01,,+,1900-01-01,9999-12-31
CRRNCY_HIER_1,CRRNCY_XCD,2,CRRNCY_Z01,,+,1900-01-01,9999-12-31
CRRNCY_HIER_1,CRRNCY_ROL,2,CRRNCY_Z01,,+,1900-01-01,9999-12-31
TYP_PRTCTN_HIER_2,TYP_PRTCTN_1,1,,=,,1900-01-01,9999-12-31
CRRNCY_HIER_1,CRRNCY_CZK,2,CRRNCY_Z01,,+,1900-01-01,9999-12-31
CRRNCY_HIER_1,CRRNCY_XBA,2,CRRNCY_Z01,,+,1900-01-01,9999-12-31
CRRNCY_HIER_1,CRRNCY_VEB,2,CRRNCY_Z01,,+,1900-01-01,9999-12-31
CRRNCY_HIER_1,CRRNCY_VEF,2,CRRNCY_Z01,,+,1900-01-01,9999-12-31
CRRNCY_HIER_1,CRRNCY_BRL,2,CRRNCY_Z01,,+,1900-01-01,9999-12-31
CRRNCY_HIER_1,CRRNCY_UGX,2,CRRNCY_Z01,,+,1900-01-01,9999-12-31
CRRNCY_HIER_1,CRRNCY_KYD,2,CRRNCY_Z01,,+,1900-01-01,9999-12-31
CRRNCY_HIER_1,CRRNCY_OMR,2,CRRNCY_Z01,,+,1900-01-01,9999-12-31
CRRNCY_HIER_1,CRRNCY_PAB,2,CRRNCY_Z01,,+,1900-01-01,9999-12-31
CRRNCY_HIER_1,CRRNCY_NZD,2,CRRNCY_Z01,,+,1900-01-01,9999-12-31
CRRNCY_HIER_1,CRRNCY_MXV,2,CRRNCY_Z01,,+,1900-01-01,9999-12-31
CRRNCY_HIER_1,CRRNCY_MXN,2,CRRNCY_Z01,,+,1900-01-01,9999-12-31
CRRNCY_HIER_1,CRRNCY_AUD,2,CRRNCY_Z01,,+,1900-01-01,9999-12-31
CRRNCY_HIER_1,CRRNCY_SIT,2,CRRNCY_Z01,,+,1900-01-01,9999-12-31
CRRNCY_HIER_1,CRRNCY_MMK,2,CRRNCY_Z01,,+,1900-01-01,9999-12-31
CRRNCY_HIER_1,CRRNCY_PKR,2,CRRNCY_Z01,,+,1900-01-01,9999-12-31
CRRNCY_HIER_1,CRRNCY_HKQ,2,CRRNCY_Z01,,+,1900-01-01,9999-12-31
CRRNCY_HIER_1,CRRNCY_AZN,2,CRRNCY_Z01,,+,1900-01-01,9999-12-31
CRRNCY_HIER_1,CRRNCY_ZWN,2,CRRNCY_Z01,,+,1900-01-01,9999-12-31
CRRNCY_HIER_1,CRRNCY_TPE,2,CRRNCY_Z01,,+,1900-01-01,9999-12-31
CRRNCY_HIER_1,CRRNCY_ZWR,2,CRRNCY_Z01,,+,1900-01-01,9999-12-31
CRRNCY_HIER_1,CRRNCY_ILS,2,CRRNCY_Z01,,+,1900-01-01,9999-12-31
CRRNCY_HIER_1,CRRNCY_TJR,2,CRRNCY_Z01,,+,1900-01-01,9999-12-31
CRRNCY_HIER_1,CRRNCY_BHD,2,CRRNCY_Z01,,+,1900-01-01,9999-12-31
CRRNCY_HIER_1,CRRNCY_GTQ,2,CRRNCY_Z01,,+,1900-01-01,9999-12-31
CRRNCY_HIER_1,CRRNCY_TOP,2,CRRNCY_Z01,,+,1900-01-01,9999-12-31
CRRNCY_HIER_1,CRRNCY_GNF,2,CRRNCY_Z01,,+,1900-01-01,9999-12-31
CRRNCY_HIER_1,CRRNCY_SYP,2,CRRNCY_Z01,,+,1900-01-01,9999-12-31
CRRNCY_HIER_1,CRRNCY_XBB,2,CRRNCY_Z01,,+,1900-01-01,9999-12-31
CRRNCY_HIER_1,CRRNCY_MRU,2,CRRNCY_Z01,,+,1900-01-01,9999-12-31
CRRNCY_HIER_1,CRRNCY_HNL,2,CRRNCY_Z01,,+,1900-01-01,9999-12-31
CRRNCY_HIER_1,CRRNCY_AED,2,CRRNCY_Z01,,+,1900-01-01,9999-12-31
CRRNCY_HIER_1,CRRNCY_BGN,2,CRRNCY_Z01,,+,1900-01-01,9999-12-31
CRRNCY_HIER_1,CRRNCY_HTG,2,CRRNCY_Z01,,+,1900-01-01,9999-12-31
CRRNCY_HIER_1,CRRNCY_COU,2,CRRNCY_Z01,,+,1900-01-01,9999-12-31
CRRNCY_HIER_1,CRRNCY_SSP,2,CRRNCY_Z01,,+,1900-01-01,9999-12-31
CRRNCY_HIER_1,CRRNCY_AZM,2,CRRNCY_Z01,,+,1900-01-01,9999-12-31
CRRNCY_HIER_1,CRRNCY_MWK,2,CRRNCY_Z01,,+,1900-01-01,9999-12-31
CRRNCY_HIER_1,CRRNCY_BBD,2,CRRNCY_Z01,,+,1900-01-01,9999-12-31
CRRNCY_HIER_1,CRRNCY_VUV,2,CRRNCY_Z01,,+,1900-01-01,9999-12-31
CRRNCY_HIER_1,CRRNCY_KWD,2,CRRNCY_Z01,,+,1900-01-01,9999-12-31
CRRNCY_HIER_1,CRRNCY_HUF,2,CRRNCY_Z01,,+,1900-01-01,9999-12-31
CRRNCY_HIER_1,CRRNCY_JEP,2,CRRNCY_Z01,,+,1900-01-01,9999-12-31
CRRNCY_HIER_1,CRRNCY_BYN,2,CRRNCY_Z01,,+,1900-01-01,9999-12-31
CRRNCY_HIER_1,CRRNCY_MVR,2,CRRNCY_Z01,,+,1900-01-01,9999-12-31
CRRNCY_HIER_1,CRRNCY_BYB,2,CRRNCY_Z01,,+,1900-01-01,9999-12-31
CRRNCY_HIER_1,CRRNCY_VND,2,CRRNCY_Z01,,+,1900-01-01,9999-12-31
CRRNCY_HIER_1,CRRNCY_BYR,2,CRRNCY_Z01,,+,1900-01-01,9999-12-31
CRRNCY_HIER_1,CRRNCY_KGS,2,CRRNCY_Z01,,+,1900-01-01,9999-12-31
CRRNCY_HIER_1,CRRNCY_JOD,2,CRRNCY_Z01,,+,1900-01-01,9999-12-31
CRRNCY_HIER_1,CRRNCY_PEN,2,CRRNCY_Z01,,+,1900-01-01,9999-12-31
CRRNCY_HIER_1,CRRNCY_UYW,2,CRRNCY_Z01,,+,1900-01-01,9999-12-31
CRRNCY_HIER_1,CRRNCY_SGD,2,CRRNCY_Z01,,+,1900-01-01,9999-12-31
CRRNCY_HIER_1,CRRNCY_JPY,2,CRRNCY_Z01,,+,1900-01-01,9999-12-31
CRRNCY_HIER_1,CRRNCY_MTL,2,CRRNCY_Z01,,+,1900-01-01,9999-12-31
CRRNCY_HIER_1,CRRNCY_CLF,2,CRRNCY_Z01,,+,1900-01-01,9999-12-31
CRRNCY_HIER_1,CRRNCY_NIO,2,CRRNCY_Z01,,+,1900-01-01,9999-12-31
CRRNCY_HIER_1,CRRNCY_CVE,2,CRRNCY_Z01,,+,1900-01-01,9999-12-31
CRRNCY_HIER_1,CRRNCY_IEP,2,CRRNCY_Z01,,+,1900-01-01,9999-12-31
CRRNCY_HIER_1,CRRNCY_FJD,2,CRRNCY_Z01,,+,1900-01-01,9999-12-31
CRRNCY_HIER_1,CRRNCY_XAU,2,CRRNCY_Z01,,+,1900-01-01,9999-12-31
CRRNCY_HIER_1,CRRNCY_EGP,2,CRRNCY_Z01,,+,1900-01-01,9999-12-31
CRRNCY_HIER_1,CRRNCY_KZT,2,CRRNCY_Z01,,+,1900-01-01,9999-12-31
CRRNCY_HIER_1,CRRNCY_TVD,2,CRRNCY_Z01,,+,1900-01-01,9999-12-31
CRRNCY_HIER_1,CRRNCY_BTN,2,CRRNCY_Z01,,+,1900-01-01,9999-12-31
CRRNCY_HIER_1,CRRNCY_RWF,2,CRRNCY_Z01,,+,1900-01-01,9999-12-31
CRRNCY_HIER_1,CRRNCY_GHS,2,CRRNCY_Z01,,+,1900-01-01,9999-12-31
CRRNCY_HIER_1,CRRNCY_GHC,2,CRRNCY_Z01,,+,1900-01-01,9999-12-31
CRRNCY_HIER_1,CRRNCY_GRD,2,CRRNCY_Z01,,+,1900-01-01,9999-12-31
CRRNCY_HIER_1,CRRNCY_IQD,2,CRRNCY_Z01,,+,1900-01-01,9999-12-31
CRRNCY_HIER_1,CRRNCY_ARS,2,CRRNCY_Z01,,+,1900-01-01,9999-12-31
CRRNCY_HIER_1,CRRNCY_SDG,2,CRRNCY_Z01,,+,1900-01-01,9999-12-31
CRRNCY_HIER_1,CRRNCY_ECS,2,CRRNCY_Z01,,+,1900-01-01,9999-12-31
CRRNCY_HIER_1,CRRNCY_LRD,2,CRRNCY_Z01,,+,1900-01-01,9999-12-31
CRRNCY_HIER_1,CRRNCY_CHE,2,CRRNCY_Z01,,+,1900-01-01,9999-12-31
CRRNCY_HIER_1,CRRNCY_STD,2,CRRNCY_Z01,,+,1900-01-01,9999-12-31
CRRNCY_HIER_1,CRRNCY_XOF,2,CRRNCY_Z01,,+,1900-01-01,9999-12-31
CRRNCY_HIER_1,CRRNCY_ESP,2,CRRNCY_Z01,,+,1900-01-01,9999-12-31
CRRNCY_HIER_1,CRRNCY_XUA,2,CRRNCY_Z01,,+,1900-01-01,9999-12-31
CRRNCY_HIER_1,CRRNCY_BEL,2,CRRNCY_Z01,,+,1900-01-01,9999-12-31
CRRNCY_HIER_1,CRRNCY_UAH,2,CRRNCY_Z01,,+,1900-01-01,9999-12-31
CRRNCY_HIER_1,CRRNCY_KES,2,CRRNCY_Z01,,+,1900-01-01,9999-12-31
CRRNCY_HIER_1,CRRNCY_JMD,2,CRRNCY_Z01,,+,1900-01-01,9999-12-31
CRRNCY_HIER_1,CRRNCY_XAG,2,CRRNCY_Z01,,+,1900-01-01,9999-12-31
CRRNCY_HIER_1,CRRNCY_GWP,2,CRRNCY_Z01,,+,1900-01-01,9999-12-31
CRRNCY_HIER_1,CRRNCY_CLP,2,CRRNCY_Z01,,+,1900-01-01,9999-12-31
CRRNCY_HIER_1,CRRNCY_DZD,2,CRRNCY_Z01,,+,1900-01-01,9999-12-31
CRRNCY_HIER_1,CRRNCY_AFA,2,CRRNCY_Z01,,+,1900-01-01,9999-12-31
CRRNCY_HIER_1,CRRNCY_PHP,2,CRRNCY_Z01,,+,1900-01-01,9999-12-31
CRRNCY_HIER_1,CRRNCY_NLG,2,CRRNCY_Z01,,+,1900-01-01,9999-12-31
CRRNCY_HIER_1,CRRNCY_BAM,2,CRRNCY_Z01,,+,1900-01-01,9999-12-31
CRRNCY_HIER_1,CRRNCY_ZAR,2,CRRNCY_Z01,,+,1900-01-01,9999-12-31
CRRNCY_HIER_1,CRRNCY_DEM,2,CRRNCY_Z01,,+,1900-01-01,9999-12-31
CRRNCY_HIER_1,CRRNCY_STN,2,CRRNCY_Z01,,+,1900-01-01,9999-12-31
CRRNCY_HIER_1,CRRNCY_BEF,2,CRRNCY_Z01,,+,1900-01-01,9999-12-31
CRRNCY_HIER_1,CRRNCY_SKK,2,CRRNCY_Z01,,+,1900-01-01,9999-12-31
CRRNCY_HIER_1,CRRNCY_QAR,2,CRRNCY_Z01,,+,1900-01-01,9999-12-31
CRRNCY_HIER_1,CRRNCY_MOP,2,CRRNCY_Z01,,+,1900-01-01,9999-12-31
CRRNCY_HIER_1,CRRNCY_CHW,2,CRRNCY_Z01,,+,1900-01-01,9999-12-31
CRRNCY_HIER_1,CRRNCY_TRY,2,CRRNCY_Z01,,+,1900-01-01,9999-12-31
CRRNCY_HIER_1,CRRNCY_ITL,2,CRRNCY_Z01,,+,1900-01-01,9999-12-31
CRRNCY_HIER_1,CRRNCY_BOV,2,CRRNCY_Z01,,+,1900-01-01,9999-12-31
CRRNCY_HIER_1,CRRNCY_AMD,2,CRRNCY_Z01,,+,1900-01-01,9999-12-31
CRRNCY_HIER_1,CRRNCY_BOB,2,CRRNCY_Z01,,+,1900-01-01,9999-12-31
CRRNCY_HIER_1,CRRNCY_AWG,2,CRRNCY_Z01,,+,1900-01-01,9999-12-31
CRRNCY_HIER_1,CRRNCY_MZM,2,CRRNCY_Z01,,+,1900-01-01,9999-12-31
CRRNCY_HIER_1,CRRNCY_GIP,2,CRRNCY_Z01,,+,1900-01-01,9999-12-31
CRRNCY_HIER_1,CRRNCY_THB,2,CRRNCY_Z01,,+,1900-01-01,9999-12-31
CRRNCY_HIER_1,CRRNCY_NGN,2,CRRNCY_Z01,,+,1900-01-01,9999-12-31
CRRNCY_HIER_1,CRRNCY_TMT,2,CRRNCY_Z01,,+,1900-01-01,9999-12-31
CRRNCY_HIER_1,CRRNCY_HKD,2,CRRNCY_Z01,,+,1900-01-01,9999-12-31
CRRNCY_HIER_1,CRRNCY_ETB,2,CRRNCY_Z01,,+,1900-01-01,9999-12-31
CRRNCY_HIER_1,CRRNCY_FIM,2,CRRNCY_Z01,,+,1900-01-01,9999-12-31
CRRNCY_HIER_1,CRRNCY_CUP,2,CRRNCY_Z01,,+,1900-01-01,9999-12-31
CRRNCY_HIER_1,CRRNCY_MRO,2,CRRNCY_Z01,,+,1900-01-01,9999-12-31
CRRNCY_HIER_1,CRRNCY_BGL,2,CRRNCY_Z01,,+,1900-01-01,9999-12-31
CRRNCY_HIER_1,CRRNCY_TZS,2,CRRNCY_Z01,,+,1900-01-01,9999-12-31
CRRNCY_HIER_1,CRRNCY_MGF,2,CRRNCY_Z01,,+,1900-01-01,9999-12-31
CRRNCY_HIER_1,CRRNCY_XBD,2,CRRNCY_Z01,,+,1900-01-01,9999-12-31
CRRNCY_HIER_1,CRRNCY_LUF,2,CRRNCY_Z01,,+,1900-01-01,9999-12-31
CRRNCY_HIER_1,CRRNCY_VES,2,CRRNCY_Z01,,+,1900-01-01,9999-12-31
CRRNCY_HIER_1,CRRNCY_AON,2,CRRNCY_Z01,,+,1900-01-01,9999-12-31
CRRNCY_HIER_1,CRRNCY_ZWD,2,CRRNCY_Z01,,+,1900-01-01,9999-12-31
CRRNCY_HIER_1,CRRNCY_AOR,2,CRRNCY_Z01,,+,1900-01-01,9999-12-31
CRRNCY_HIER_1,CRRNCY_BMD,2,CRRNCY_Z01,,+,1900-01-01,9999-12-31
CRRNCY_HIER_1,CRRNCY_ZWL,2,CRRNCY_Z01,,+,1900-01-01,9999-12-31
CRRNCY_HIER_1,CRRNCY_ZMW,2,CRRNCY_Z01,,+,1900-01-01,9999-12-31
CRRNCY_HIER_1,CRRNCY_ZMK,2,CRRNCY_Z01,,+,1900-01-01,9999-12-31
CRRNCY_HIER_1,CRRNCY_BSD,2,CRRNCY_Z01,,+,1900-01-01,9999-12-31
CRRNCY_HIER_1,CRRNCY_TTD,2,CRRNCY_Z01,,+,1900-01-01,9999-12-31
CRRNCY_HIER_1,CRRNCY_CAD,2,CRRNCY_Z01,,+,1900-01-01,9999-12-31
CRRNCY_HIER_1,CRRNCY_SBD,2,CRRNCY_Z01,,+,1900-01-01,9999-12-31
CRRNCY_HIER_1,CRRNCY_RUR,2,CRRNCY_Z01,,+,1900-01-01,9999-12-31
CRRNCY_HIER_1,CRRNCY_XFO,2,CRRNCY_Z01,,+,1900-01-01,9999-12-31
CRRNCY_HIER_1,CRRNCY_IMP,2,CRRNCY_Z01,,+,1900-01-01,9999-12-31
CRRNCY_HIER_1,CRRNCY_MYR,2,CRRNCY_Z01,,+,1900-01-01,9999-12-31
CRRNCY_HIER_1,CRRNCY_RUB,2,CRRNCY_Z01,,+,1900-01-01,9999-12-31
CRRNCY_HIER_1,CRRNCY_LKR,2,CRRNCY_Z01,,+,1900-01-01,9999-12-31
CRRNCY_HIER_1,CRRNCY_ANG,2,CRRNCY_Z01,,+,1900-01-01,9999-12-31
CRRNCY_HIER_1,CRRNCY_CDF,2,CRRNCY_Z01,,+,1900-01-01,9999-12-31
CRRNCY_HIER_1,CRRNCY_UYI,2,CRRNCY_Z01,,+,1900-01-01,9999-12-31
CRRNCY_HIER_1,CRRNCY_WST,2,CRRNCY_Z01,,+,1900-01-01,9999-12-31
CRRNCY_HIER_1,CRRNCY_UYU,2,CRRNCY_Z01,,+,1900-01-01,9999-12-31
CRRNCY_HIER_1,CRRNCY_SHP,2,CRRNCY_Z01,,+,1900-01-01,9999-12-31
CRRNCY_HIER_1,CRRNCY_SRG,2,CRRNCY_Z01,,+,1900-01-01,9999-12-31
CRRNCY_HIER_1,CRRNCY_RON,2,CRRNCY_Z01,,+,1900-01-01,9999-12-31
CRRNCY_HIER_1,CRRNCY_NAD,2,CRRNCY_Z01,,+,1900-01-01,9999-12-31
CRRNCY_HIER_1,CRRNCY_ATS,2,CRRNCY_Z01,,+,1900-01-01,9999-12-31
CRRNCY_HIER_1,CRRNCY_IRR,2,CRRNCY_Z01,,+,1900-01-01,9999-12-31
CRRNCY_HIER_1,CRRNCY_LTL,2,CRRNCY_Z01,,+,1900-01-01,9999-12-31
CRRNCY_HIER_1,CRRNCY_TND,2,CRRNCY_Z01,,+,1900-01-01,9999-12-31
CRRNCY_HIER_1,CRRNCY_EEK,2,CRRNCY_Z01,,+,1900-01-01,9999-12-31
CRRNCY_HIER_1,CRRNCY_KMF,2,CRRNCY_Z01,,+,1900-01-01,9999-12-31
CRRNCY_HIER_1,CRRNCY_CNY,2,CRRNCY_Z01,,+,1900-01-01,9999-12-31
CRRNCY_HIER_1,CRRNCY_ADP,2,CRRNCY_Z01,,+,1900-01-01,9999-12-31
CRRNCY_HIER_1,CRRNCY_USN,2,CRRNCY_Z01,,+,1900-01-01,9999-12-31
CRRNCY_HIER_1,CRRNCY_SRD,2,CRRNCY_Z01,,+,1900-01-01,9999-12-31
CRRNCY_HIER_1,CRRNCY_XSU,2,CRRNCY_Z01,,+,1900-01-01,9999-12-31
CRRNCY_HIER_1,CRRNCY_KRW,2,CRRNCY_Z01,,+,1900-01-01,9999-12-31
CRRNCY_HIER_1,CRRNCY_COP,2,CRRNCY_Z01,,+,1900-01-01,9999-12-31
CRRNCY_HIER_1,CRRNCY_SLL,2,CRRNCY_Z01,,+,1900-01-01,9999-12-31
CRRNCY_HIER_1,CRRNCY_PTE,2,CRRNCY_Z01,,+,1900-01-01,9999-12-31
CRRNCY_HIER_1,CRRNCY_YER,2,CRRNCY_Z01,,+,1900-01-01,9999-12-31
CRRNCY_HIER_1,CRRNCY_NPR,2,CRRNCY_Z01,,+,1900-01-01,9999-12-31
CRRNCY_HIER_1,CRRNCY_CUC,2,CRRNCY_Z01,,+,1900-01-01,9999-12-31
CRRNCY_HIER_1,CRRNCY_SVC,2,CRRNCY_Z01,,+,1900-01-01,9999-12-31
CRRNCY_HIER_1,CRRNCY_NOK,2,CRRNCY_Z01,,+,1900-01-01,9999-12-31
CRRNCY_HIER_1,CRRNCY_BWP,2,CRRNCY_Z01,,+,1900-01-01,9999-12-31
CRRNCY_HIER_1,CRRNCY_TJS,2,CRRNCY_Z01,,+,1900-01-01,9999-12-31
CRRNCY_HIER_1,CRRNCY_MXP,2,CRRNCY_Z01,,+,1900-01-01,9999-12-31
CRRNCY_HIER_1,CRRNCY_YUM,2,CRRNCY_Z01,,+,1900-01-01,9999-12-31
CRRNCY_HIER_1,CRRNCY_AOA,2,CRRNCY_Z01,,+,1900-01-01,9999-12-31
CRRNCY_HIER_1,CRRNCY_XBC,2,CRRNCY_Z01,,+,1900-01-01,9999-12-31
CRRNCY_HIER_1,CRRNCY_SCR,2,CRRNCY_Z01,,+,1900-01-01,9999-12-31
CRRNCY_HIER_1,CRRNCY_MGA,2,CRRNCY_Z01,,+,1900-01-01,9999-12-31
CRRNCY_HIER_1,CRRNCY_ISK,2,CRRNCY_Z01,,+,1900-01-01,9999-12-31
CRRNCY_HIER_1,CRRNCY_XPF,2,CRRNCY_Z01,,+,1900-01-01,9999-12-31
CRRNCY_HIER_1,CRRNCY_CRC,2,CRRNCY_Z01,,+,1900-01-01,9999-12-31
CRRNCY_HIER_1,CRRNCY_BZD,2,CRRNCY_Z01,,+,1900-01-01,9999-12-31
CRRNCY_HIER_1,CRRNCY_GYD,2,CRRNCY_Z01,,+,1900-01-01,9999-12-31
CRRNCY_HIER_1,CRRNCY_FKP,2,CRRNCY_Z01,,+,1900-01-01,9999-12-31
CRRNCY_HIER_1,CRRNCY_RSD,2,CRRNCY_Z01,,+,1900-01-01,9999-12-31
CRRNCY_HIER_1,CRRNCY_TWD,2,CRRNCY_Z01,,+,1900-01-01,9999-12-31
CRRNCY_HIER_1,CRRNCY_MZN,2,CRRNCY_Z01,,+,1900-01-01,9999-12-31
CRRNCY_HIER_1,CRRNCY_GMD,2,CRRNCY_Z01,,+,1900-01-01,9999-12-31
CRRNCY_HIER_1,CRRNCY_MAD,2,CRRNCY_Z01,,+,1900-01-01,9999-12-31
CRRNCY_HIER_1,CRRNCY_SEK,2,CRRNCY_Z01,,+,1900-01-01,9999-12-31
CRRNCY_HIER_1,CRRNCY_BND,2,CRRNCY_Z01,,+,1900-01-01,9999-12-31
CRRNCY_HIER_1,CRRNCY_XDR,2,CRRNCY_Z01,,+,1900-01-01,9999-12-31
CRRNCY_HIER_1,CRRNCY_LSL,2,CRRNCY_Z01,,+,1900-01-01,9999-12-31
CRRNCY_HIER_1,CRRNCY_GGP,2,CRRNCY_Z01,,+,1900-01-01,9999-12-31
CRRNCY_HIER_1,CRRNCY_HRK,2,CRRNCY_Z01,,+,1900-01-01,9999-12-31
CRRNCY_HIER_1,CRRNCY_LYD,2,CRRNCY_Z01,,+,1900-01-01,9999-12-31
CRRNCY_HIER_1,CRRNCY_SOS,2,CRRNCY_Z01,,+,1900-01-01,9999-12-31
CRRNCY_HIER_1,CRRNCY_BDT,2,CRRNCY_Z01,,+,1900-01-01,9999-12-31
CRRNCY_HIER_1,CRRNCY_MKD,2,CRRNCY_Z01,,+,1900-01-01,9999-12-31
CRRNCY_HIER_1,CRRNCY_AFN,2,CRRNCY_Z01,,+,1900-01-01,9999-12-31
TYP_PRTCTN_HIER_6,TYP_PRTCTN_73,1,,=,,1900-01-01,9999-12-31
TYP_PRTCTN_HIER_5,TYP_PRTCTN_74,1,,=,,1900-01-01,9999-12-31
TYP_TRNSFR_HIER_1,TYP_TRNSFR_-1,1,,=,,1900-01-01,9999-12-31
TYP_PRTCTN_HIER_4,TYP_PRTCTN_82,1,,=,,1900-01-01,9999-12-31
TYP_PRTCTN_HIER_3,TYP_PRTCTN_25,1,,=,,1900-01-01,9999-12-31
TYP_PRTCTN_HIER_1,TYP_PRTCTN_-1,1,,=,,1900-01-01,9999-12-31
TYP_TRNSFR_HIER_2,TYP_TRNSFR_100,1,,=,,1900-01-01,9999-12-31
FRBRNC_STTS_HIER_2,FRBRNC_STTS_1,1,,=,,1900-01-01,9999-12-31
TYP_PRTCTN_HIER_11,TYP_PRTCTN_73,1,,=,,1900-01-01,9999-12-31
TYP_PRTCTN_HIER_12,TYP_PRTCTN_73,1,,=,,1900-01-01,9999-12-31
PRJCT_FNNC_LN_1,PRJCT_FNNC_LN_-1,1,,=,,1900-01-01,9999-12-31
SRC_ENCMBRNC_IL,SRC_ENCMBRNC_103,1,,=,,2019-05-01,9999-12-31
GGRPHCL_ARS_HIER_2,GGRPHCL_ARS_ES,1,,=,,1900-01-01,9999-12-31
GGRPHCL_ARS_HIER_2,GGRPHCL_ARS_IN,1,,=,,1900-01-01,9999-12-31
GGRPHCL_ARS_HIER_2,GGRPHCL_ARS_DK,1,,=,,1900-01-01,9999-12-31
FRBRNC_STTS_HIER_1,FRBRNC_STTS_-1,1,,=,,1900-01-01,9999-12-31
GGRPHCL_ARS_HIER_2,GGRPHCL_ARS_US,1,,=,,1900-01-01,9999-12-31
GGRPHCL_ARS_HIER_2,GGRPHCL_ARS_NL,1,,=,,1900-01-01,9999-12-31
SBRDNTD_DBT_HIER_1,SBRDNTD_DBT_-1,1,,=,,1900-01-01,9999-12-31
GGRPHCL_ARS_HIER_2,GGRPHCL_ARS_IT,1,,=,,1900-01-01,9999-12-31
GGRPHCL_ARS_HIER_2,GGRPHCL_ARS_DE,1,,=,,1900-01-01,9999-12-31
SRC_ENCMBRNC_ALL,SRC_ENCMBRNC_101,1,,=,,2019-05-01,9999-12-31
GGRPHCL_ARS_HIER_2,GGRPHCL_ARS_FR,1,,=,,1900-01-01,9999-12-31
GGRPHCL_ARS_HIER_2,GGRPHCL_ARS_GB,1,,=,,1900-01-01,9999-12-31
GGRPHCL_ARS_HIER_1,GGRPHCL_ARS_-1,1,,=,,1900-01-01,9999-12-31
GGRPHCL_ARS_HIER_2,GGRPHCL_ARS_FI,1,,=,,1900-01-01,9999-12-31
RCGNTN_STTS_HIER_1,RCGNTN_STTS_-1,1,,=,,1900-01-01,9999-12-31
GGRPHCL_ARS_HIER_2,GGRPHCL_ARS_PT,1,,=,,1900-01-01,9999-12-31
RPYMNT_RGHTS_HIER_2,RPYMNT_RGHTS_6,1,,=,,1900-01-01,9999-12-31
RPYMNT_RGHTS_HIER_1,RPYMNT_RGHTS_-1,1,,=,,1900-01-01,9999-12-31
TYP_INSTRMNT_HIER_6,TYP_INSTRMNT_-1,1,,=,,1900-01-01,9999-12-31
TYP_INSTRMNT_HIER_12,TYP_INSTRMNT_1,1,,=,,1900-01-01,9999-12-31
TYP_INSTRMNT_HIER_1,TYP_INSTRMNT_-1,1,,=,,1900-01-01,9999-12-31
CRDT_QLTY_HIER_2,CRDT_QLTY_26,3,CRDT_QLTY_5,,+,1900-01-01,9999-12-31
TYP_INSTRMNT_HIER_19,TYP_INSTRMNT_15,1,,=,,1900-01-01,9999-12-31
CRDT_QLTY_HIER_5,CRDT_QLTY_3,3,CRDT_QLTY_11,,+,1900-01-01,9999-12-31
CRDT_QLTY_HIER_3,CRDT_QLTY_19,3,CRDT_QLTY_6,,+,1900-01-01,9999-12-31
CRDT_QLTY_HIER_2,CRDT_QLTY_4,2,CRDT_QLTY_17,=,+,1900-01-01,9999-12-31
CRDT_QLTY_HIER_3,CRDT_QLTY_20,3,CRDT_QLTY_6,,+,1900-01-01,9999-12-31
TYP_INSTRMNT_HIER_21,TYP_INSTRMNT_16,1,,=,,1900-01-01,9999-12-31
CRDT_QLTY_HIER_2,CRDT_QLTY_24,3,CRDT_QLTY_4,,+,1900-01-01,9999-12-31
CRDT_QLTY_HIER_3,CRDT_QLTY_6,2,CRDT_QLTY_10,=,+,1900-01-01,9999-12-31
CRDT_QLTY_HIER_2,CRDT_QLTY_25,3,CRDT_QLTY_5,,+,1900-01-01,9999-12-31
TYP_INSTRMNT_HIER_13,TYP_INSTRMNT_71,1,,=,,1900-01-01,9999-12-31
CRDT_QLTY_HIER_5,CRDT_QLTY_12,3,CRDT_QLTY_1,=,+,1900-01-01,9999-12-31
CRDT_QLTY_HIER_2,CRDT_QLTY_23,3,CRDT_QLTY_4,,+,1900-01-01,9999-12-31
CRDT_QLTY_HIER_2,CRDT_QLTY_5,2,CRDT_QLTY_17,=,+,1900-01-01,9999-12-31
TYP_INSTRMNT_HIER_2,TYP_INSTRMNT_312,1,,=,,1900-01-01,9999-12-31
CRDT_QLTY_HIER_2,CRDT_QLTY_21,3,CRDT_QLTY_4,,+,1900-01-01,9999-12-31
CRDT_QLTY_HIER_3,CRDT_QLTY_18,3,CRDT_QLTY_6,,+,1900-01-01,9999-12-31
CRDT_QLTY_HIER_5,CRDT_QLTY_1,2,CRDT_QLTY_15,=,+,1900-01-01,9999-12-31
TYP_INSTRMNT_HIER_5,TYP_INSTRMNT_310,1,,=,,1900-01-01,9999-12-31
CRDT_QLTY_TCHNCL_HRRCHY,CRDT_QLTY_10,1,,>=,,1999-01-01,9999-12-31
TYP_INSTRMNT_HIER_61,TYP_INSTRMNT_-1,1,,=,,1900-01-01,9999-12-31
SRC_ENCMBRNC_HIER_1,SRC_ENCMBRNC_103,1,,=,,1900-01-01,9999-12-31
CRDT_QLTY_HIER_5,CRDT_QLTY_13,3,CRDT_QLTY_1,,+,1900-01-01,9999-12-31
TYP_INSTRMNT_HIER_24,TYP_INSTRMNT_149,1,,=,,1900-01-01,9999-12-31
CRDT_QLTY_HIER_1,CRDT_QLTY_27,2,CRDT_QLTY_-1,,+,1900-01-01,9999-12-31
CRDT_QLTY_HIER_5,CRDT_QLTY_18,4,CRDT_QLTY_12,,+,1900-01-01,9999-12-31
TYP_INSTRMNT_HIER_22,TYP_INSTRMNT_119,1,,=,,1900-01-01,9999-12-31
TYP_INSTRMNT_HIER_11,TYP_INSTRMNT_149,1,,=,,1900-01-01,9999-12-31
CRDT_QLTY_HIER_1,CRDT_QLTY_16,2,CRDT_QLTY_-1,=,+,1900-01-01,9999-12-31
CRDT_QLTY_HIER_1,CRDT_QLTY_24,3,CRDT_QLTY_16,,+,1900-01-01,9999-12-31
CRDT_QLTY_HIER_1,CRDT_QLTY_21,2,CRDT_QLTY_-1,=,+,1900-01-01,9999-12-31
TYP_INSTRMNT_HIER_4,TYP_INSTRMNT_1668,1,,=,,1900-01-01,9999-12-31
TYP_INSTRMNT_HIER_18,TYP_INSTRMNT_213,1,,=,,1900-01-01,9999-12-31
CRDT_QLTY_HIER_1,CRDT_QLTY_26,2,CRDT_QLTY_-1,,+,1900-01-01,9999-12-31
CRDT_QLTY_HIER_4,CRDT_QLTY_26,2,CRDT_QLTY_34,,+,1900-01-01,9999-12-31
CRDT_QLTY_HIER_1,CRDT_QLTY_23,3,CRDT_QLTY_16,,+,1900-01-01,9999-12-31
CRDT_QLTY_HIER_5,CRDT_QLTY_19,4,CRDT_QLTY_12,,+,1900-01-01,9999-12-31
CRDT_QLTY_HIER_3,CRDT_QLTY_14,2,CRDT_QLTY_10,,+,1900-01-01,9999-12-31
CRDT_QLTY_HIER_5,CRDT_QLTY_20,4,CRDT_QLTY_12,,+,1900-01-01,9999-12-31
CRDT_QLTY_HIER_1,CRDT_QLTY_25,3,CRDT_QLTY_16,,+,1900-01-01,9999-12-31
CRDT_QLTY_HIER_5,CRDT_QLTY_11,2,CRDT_QLTY_15,=,+,1900-01-01,9999-12-31
TYP_INSTRMNT_HIER_23,TYP_INSTRMNT_149,1,,=,,1900-01-01,9999-12-31
TYP_INSTRMNT_HIER_3,TYP_INSTRMNT_1664,1,,=,,1900-01-01,9999-12-31
TYP_INSTRMNT_HIER_14,TYP_INSTRMNT_467,1,,=,,1900-01-01,9999-12-31
TYP_INSTRMNT_HIER_20,TYP_INSTRMNT_1010,1,,=,,1900-01-01,9999-12-31
TYP_TRNSFR_HIER_1,TYP_TRNSFR_3,3,TYP_TRNSFR_4,,+,1900-01-01,9999-12-31
TYP_INSTRMNT_HIER_10,TYP_INSTRMNT_1013,1,,=,,1900-01-01,9999-12-31
CRDT_QLTY_HIER_6,CRDT_QLTY_214,2,CRDT_QLTY_21,=,+,1900-01-01,9999-12-31
TYP_INSTRMNT_HIER_16,TYP_INSTRMNT_1665,1,,=,,1900-01-01,9999-12-31
TYP_TRNSFR_HIER_1,TYP_TRNSFR_8,3,TYP_TRNSFR_4,,+,1900-01-01,9999-12-31
CRDT_QLTY_HIER_1,CRDT_QLTY_211,3,CRDT_QLTY_21,=,+,1900-01-01,9999-12-31
CRDT_QLTY_HIER_1,CRDT_QLTY_212,3,CRDT_QLTY_21,=,+,1900-01-01,9999-12-31
TYP_TRNSFR_HIER_1,TYP_TRNSFR_6,3,TYP_TRNSFR_4,,+,1900-01-01,9999-12-31
CRDT_QLTY_HIER_4,CRDT_QLTY_212,2,CRDT_QLTY_34,,+,1900-01-01,9999-12-31
CRDT_QLTY_TCHNCL_HRRCHY_2,CRDT_QLTY_15,1,,>=,,1999-01-01,9999-12-31
TYP_INSTRMNT_HIER_17,TYP_INSTRMNT_1666,1,,=,,1900-01-01,9999-12-31
CRDT_QLTY_HIER_4,CRDT_QLTY_211,2,CRDT_QLTY_34,,+,1900-01-01,9999-12-31
TYP_TRNSFR_HIER_1,TYP_TRNSFR_1,3,TYP_TRNSFR_4,,+,1900-01-01,9999-12-31
CRDT_QLTY_HIER_6,CRDT_QLTY_213,2,CRDT_QLTY_21,=,+,1900-01-01,9999-12-31
TYP_PRTCTN_HIER_1,TYP_PRTCTN_2,5,TYP_PRTCTN_72,,+,1900-01-01,9999-12-31
TYP_PRTCTN_HIER_1,TYP_PRTCTN_7,2,TYP_PRTCTN_-1,,+,1900-01-01,9999-12-31
TYP_PRTCTN_HIER_1,TYP_PRTCTN_5,2,TYP_PRTCTN_-1,=,+,1900-01-01,9999-12-31
TYP_PRTCTN_HIER_3,TYP_PRTCTN_5,2,TYP_PRTCTN_25,,+,1900-01-01,9999-12-31
CRDT_QLTY_HIER_1,CRDT_QLTY_214,4,CRDT_QLTY_211,,+,1900-01-01,9999-12-31
TYP_TRNSFR_HIER_1,TYP_TRNSFR_5,2,TYP_TRNSFR_-1,,+,1900-01-01,9999-12-31
TYP_PRTCTN_HIER_2,TYP_PRTCTN_31,2,TYP_PRTCTN_1,,+,1900-01-01,9999-12-31
CRDT_QLTY_HIER_6,CRDT_QLTY_212,3,CRDT_QLTY_213,,+,1900-01-01,9999-12-31
TYP_PRTCTN_HIER_1,TYP_PRTCTN_8,6,TYP_PRTCTN_82,,+,1900-01-01,9999-12-31
TYP_PRTCTN_HIER_1,TYP_PRTCTN_9,6,TYP_PRTCTN_82,,+,1900-01-01,9999-12-31
TYP_TRNSFR_HIER_1,TYP_TRNSFR_4,2,TYP_TRNSFR_-1,,+,1900-01-01,9999-12-31
TYP_PRTCTN_HIER_5,TYP_PRTCTN_5,2,TYP_PRTCTN_74,,+,1900-01-01,9999-12-31
TYP_PRTCTN_HIER_1,TYP_PRTCTN_4,2,TYP_PRTCTN_-1,=,+,1900-01-01,9999-12-31
TYP_PRTCTN_HIER_1,TYP_PRTCTN_41,3,TYP_PRTCTN_4,,+,1900-01-01,9999-12-31
TYP_PRTCTN_HIER_2,TYP_PRTCTN_30,2,TYP_PRTCTN_1,,+,1900-01-01,9999-12-31
CRDT_QLTY_HIER_1,CRDT_QLTY_213,4,CRDT_QLTY_212,,+,1900-01-01,9999-12-31
CRDT_QLTY_HIER_6,CRDT_QLTY_211,3,CRDT_QLTY_214,,+,1900-01-01,9999-12-31
TYP_PRTCTN_HIER_1,TYP_PRTCTN_42,3,TYP_PRTCTN_4,,+,1900-01-01,9999-12-31
TYP_PRTCTN_HIER_1,TYP_PRTCTN_3,4,TYP_PRTCTN_76,,+,1900-01-01,9999-12-31
TYP_PRTCTN_HIER_11,TYP_PRTCTN_2,3,TYP_PRTCTN_75,,+,1900-01-01,9999-12-31
TYP_PRTCTN_HIER_11,TYP_PRTCTN_8,5,TYP_PRTCTN_82,,+,1900-01-01,9999-12-31
TYP_PRTCTN_HIER_1,TYP_PRTCTN_75,3,TYP_PRTCTN_73,=,+,1900-01-01,9999-12-31
TYP_PRTCTN_HIER_2,TYP_PRTCTN_100,2,TYP_PRTCTN_1,,+,1900-01-01,9999-12-31
TYP_PRTCTN_HIER_6,TYP_PRTCTN_82,2,TYP_PRTCTN_73,,+,1900-01-01,9999-12-31
TYP_PRTCTN_HIER_1,TYP_PRTCTN_17,5,TYP_PRTCTN_72,,+,1900-01-01,9999-12-31
TYP_PRTCTN_HIER_1,TYP_PRTCTN_72,4,TYP_PRTCTN_75,=,+,1900-01-01,9999-12-31
TYP_PRTCTN_HIER_5,TYP_PRTCTN_41,2,TYP_PRTCTN_74,,+,1900-01-01,9999-12-31
TYP_PRTCTN_HIER_1,TYP_PRTCTN_82,5,TYP_PRTCTN_79,=,+,1900-01-01,9999-12-31
TYP_TRNSFR_HIER_2,TYP_TRNSFR_6,2,TYP_TRNSFR_100,,+,1900-01-01,9999-12-31
TYP_PRTCTN_HIER_1,TYP_PRTCTN_15,4,TYP_PRTCTN_75,=,+,1900-01-01,9999-12-31
TYP_PRTCTN_HIER_1,TYP_PRTCTN_87,5,TYP_PRTCTN_80,=,+,1900-01-01,9999-12-31
TYP_PRTCTN_HIER_1,TYP_PRTCTN_77,5,TYP_PRTCTN_15,,+,1900-01-01,9999-12-31
TYP_PRTCTN_HIER_6,TYP_PRTCTN_35,4,TYP_PRTCTN_33,,+,1900-01-01,9999-12-31
TYP_PRTCTN_HIER_1,TYP_PRTCTN_73,2,TYP_PRTCTN_-1,=,+,1900-01-01,9999-12-31
TYP_PRTCTN_HIER_1,TYP_PRTCTN_85,5,TYP_PRTCTN_80,,+,1900-01-01,9999-12-31
TYP_PRTCTN_HIER_1,TYP_PRTCTN_80,4,TYP_PRTCTN_76,=,+,1900-01-01,9999-12-31
TYP_PRTCTN_HIER_1,TYP_PRTCTN_89,6,TYP_PRTCTN_87,,+,1900-01-01,9999-12-31
TYP_PRTCTN_HIER_1,TYP_PRTCTN_71,2,TYP_PRTCTN_-1,,+,1900-01-01,9999-12-31
TYP_TRNSFR_HIER_2,TYP_TRNSFR_7,2,TYP_TRNSFR_100,,+,1900-01-01,9999-12-31
TYP_PRTCTN_HIER_4,TYP_PRTCTN_90,2,TYP_PRTCTN_82,,+,1900-01-01,9999-12-31
TYP_PRTCTN_HIER_6,TYP_PRTCTN_32,3,TYP_PRTCTN_31,,+,1900-01-01,9999-12-31
TYP_PRTCTN_HIER_4,TYP_PRTCTN_91,2,TYP_PRTCTN_82,,+,1900-01-01,9999-12-31
TYP_PRTCTN_HIER_1,TYP_PRTCTN_12,4,TYP_PRTCTN_75,,+,1900-01-01,9999-12-31
TYP_PRTCTN_HIER_6,TYP_PRTCTN_33,3,TYP_PRTCTN_31,=,+,1900-01-01,9999-12-31
TYP_PRTCTN_HIER_1,TYP_PRTCTN_86,5,TYP_PRTCTN_80,,+,1900-01-01,9999-12-31
TYP_PRTCTN_HIER_6,TYP_PRTCTN_31,2,TYP_PRTCTN_73,=,+,1900-01-01,9999-12-31
TYP_PRTCTN_HIER_6,TYP_PRTCTN_34,4,TYP_PRTCTN_33,,+,1900-01-01,9999-12-31
TYP_PRTCTN_HIER_1,TYP_PRTCTN_16,4,TYP_PRTCTN_75,,+,1900-01-01,9999-12-31
TYP_PRTCTN_HIER_1,TYP_PRTCTN_84,5,TYP_PRTCTN_80,,+,1900-01-01,9999-12-31
TYP_PRTCTN_HIER_1,TYP_PRTCTN_13,6,TYP_PRTCTN_87,,+,1900-01-01,9999-12-31
TYP_PRTCTN_HIER_6,TYP_PRTCTN_36,4,TYP_PRTCTN_33,=,+,1900-01-01,9999-12-31
TYP_PRTCTN_HIER_1,TYP_PRTCTN_81,5,TYP_PRTCTN_79,,+,1900-01-01,9999-12-31
TYP_PRTCTN_HIER_1,TYP_PRTCTN_78,5,TYP_PRTCTN_15,,+,1900-01-01,9999-12-31
TYP_PRTCTN_HIER_1,TYP_PRTCTN_88,5,TYP_PRTCTN_80,,+,1900-01-01,9999-12-31
TYP_PRTCTN_HIER_1,TYP_PRTCTN_83,5,TYP_PRTCTN_79,,+,1900-01-01,9999-12-31
TYP_PRTCTN_HIER_1,TYP_PRTCTN_18,4,TYP_PRTCTN_75,,+,1900-01-01,9999-12-31
TYP_PRTCTN_HIER_1,TYP_PRTCTN_252,3,TYP_PRTCTN_5,,+,1900-01-01,9999-12-31
TYP_PRTCTN_HIER_1,TYP_PRTCTN_10,6,TYP_PRTCTN_82,,+,1900-01-01,9999-12-31
TYP_TRNSFR_HIER_2,TYP_TRNSFR_1,2,TYP_TRNSFR_100,,+,1900-01-01,9999-12-31
TYP_PRTCTN_HIER_1,TYP_PRTCTN_76,3,TYP_PRTCTN_73,=,+,1900-01-01,9999-12-31
TYP_PRTCTN_HIER_1,TYP_PRTCTN_251,3,TYP_PRTCTN_5,,+,1900-01-01,9999-12-31
TYP_PRTCTN_HIER_1,TYP_PRTCTN_79,4,TYP_PRTCTN_76,=,+,1900-01-01,9999-12-31
TYP_PRTCTN_HIER_11,TYP_PRTCTN_9,5,TYP_PRTCTN_82,=,+,1900-01-01,9999-12-31
TYP_PRTCTN_HIER_3,TYP_PRTCTN_41,2,TYP_PRTCTN_25,,+,1900-01-01,9999-12-31
TYP_PRTCTN_HIER_11,TYP_PRTCTN_62,2,TYP_PRTCTN_73,,+,1900-01-01,9999-12-31
TYP_PRTCTN_HIER_11,TYP_PRTCTN_86,4,TYP_PRTCTN_80,,+,1900-01-01,9999-12-31
TYP_PRTCTN_HIER_12,TYP_PRTCTN_83,3,TYP_PRTCTN_34,,+,1900-01-01,9999-12-31
TYP_PRTCTN_HIER_12,TYP_PRTCTN_34,2,TYP_PRTCTN_73,=,+,1900-01-01,9999-12-31
TYP_PRTCTN_HIER_11,TYP_PRTCTN_84,4,TYP_PRTCTN_80,,+,1900-01-01,9999-12-31
TYP_PRTCTN_HIER_11,TYP_PRTCTN_13,5,TYP_PRTCTN_87,,+,1900-01-01,9999-12-31
FRBRNC_STTS_HIER_1,FRBRNC_STTS_3,3,FRBRNC_STTS_1,,+,1900-01-01,9999-12-31
TYP_PRTCTN_HIER_12,TYP_PRTCTN_81,3,TYP_PRTCTN_34,,+,1900-01-01,9999-12-31
TYP_PRTCTN_HIER_12,TYP_PRTCTN_75,3,TYP_PRTCTN_30,,+,1900-01-01,9999-12-31
FRBRNC_STTS_HIER_1,FRBRNC_STTS_5,3,FRBRNC_STTS_1,,+,1900-01-01,9999-12-31
TYP_PRTCTN_HIER_11,TYP_PRTCTN_12,3,TYP_PRTCTN_75,,+,1900-01-01,9999-12-31
SRC_ENCMBRNC_IL,SRC_ENCMBRNC_6,3,SRC_ENCMBRNC_20,,+,2019-05-01,9999-12-31
SRC_ENCMBRNC_IL,SRC_ENCMBRNC_7,3,SRC_ENCMBRNC_20,,+,2019-05-01,9999-12-31
TYP_PRTCTN_HIER_12,TYP_PRTCTN_30,2,TYP_PRTCTN_73,=,+,1900-01-01,9999-12-31
RCGNTN_STTS_HIER_1,RCGNTN_STTS_2,3,RCGNTN_STTS_5,,+,1900-01-01,9999-12-31
TYP_PRTCTN_HIER_11,TYP_PRTCTN_77,3,TYP_PRTCTN_75,,+,1900-01-01,9999-12-31
TYP_PRTCTN_HIER_11,TYP_PRTCTN_76,2,TYP_PRTCTN_73,=,+,1900-01-01,9999-12-31
TYP_PRTCTN_HIER_11,TYP_PRTCTN_79,3,TYP_PRTCTN_76,=,+,1900-01-01,9999-12-31
TYP_PRTCTN_HIER_11,TYP_PRTCTN_88,4,TYP_PRTCTN_80,,+,1900-01-01,9999-12-31
TYP_PRTCTN_HIER_11,TYP_PRTCTN_81,4,TYP_PRTCTN_79,,+,1900-01-01,9999-12-31
TYP_PRTCTN_HIER_11,TYP_PRTCTN_10,5,TYP_PRTCTN_82,,+,1900-01-01,9999-12-31
TYP_PRTCTN_HIER_11,TYP_PRTCTN_83,4,TYP_PRTCTN_79,,+,1900-01-01,9999-12-31
TYP_PRTCTN_HIER_11,TYP_PRTCTN_72,3,TYP_PRTCTN_75,,+,1900-01-01,9999-12-31
TYP_PRTCTN_HIER_6,TYP_PRTCTN_101,5,TYP_PRTCTN_36,,+,1900-01-01,9999-12-31
TYP_PRTCTN_HIER_11,TYP_PRTCTN_82,4,TYP_PRTCTN_79,=,+,1900-01-01,9999-12-31
TYP_PRTCTN_HIER_11,TYP_PRTCTN_75,2,TYP_PRTCTN_73,=,+,1900-01-01,9999-12-31
FRBRNC_STTS_HIER_1,FRBRNC_STTS_4,3,FRBRNC_STTS_1,,+,1900-01-01,9999-12-31
TYP_PRTCTN_HIER_11,TYP_PRTCTN_105,6,TYP_PRTCTN_9,=,+,1900-01-01,9999-12-31
TYP_PRTCTN_HIER_11,TYP_PRTCTN_66,3,TYP_PRTCTN_75,,+,1900-01-01,9999-12-31
RCGNTN_STTS_HIER_1,RCGNTN_STTS_3,3,RCGNTN_STTS_5,,+,1900-01-01,9999-12-31
TYP_PRTCTN_HIER_12,TYP_PRTCTN_31,2,TYP_PRTCTN_73,=,+,1900-01-01,9999-12-31
TYP_PRTCTN_HIER_12,TYP_PRTCTN_12,3,TYP_PRTCTN_35,,+,1900-01-01,9999-12-31
SRC_ENCMBRNC_IL,SRC_ENCMBRNC_9,3,SRC_ENCMBRNC_30,,+,2019-05-01,9999-12-31
TYP_PRTCTN_HIER_12,TYP_PRTCTN_82,3,TYP_PRTCTN_30,,+,1900-01-01,9999-12-31
TYP_PRTCTN_HIER_11,TYP_PRTCTN_87,4,TYP_PRTCTN_80,=,+,1900-01-01,9999-12-31
TYP_PRTCTN_HIER_11,TYP_PRTCTN_106,6,TYP_PRTCTN_9,,+,1900-01-01,9999-12-31
TYP_PRTCTN_HIER_11,TYP_PRTCTN_89,5,TYP_PRTCTN_87,,+,1900-01-01,9999-12-31
TYP_PRTCTN_HIER_12,TYP_PRTCTN_35,2,TYP_PRTCTN_73,=,+,1900-01-01,9999-12-31
TYP_PRTCTN_HIER_11,TYP_PRTCTN_17,3,TYP_PRTCTN_75,,+,1900-01-01,9999-12-31
TYP_PRTCTN_HIER_11,TYP_PRTCTN_80,3,TYP_PRTCTN_76,=,+,1900-01-01,9999-12-31
TYP_PRTCTN_HIER_11,TYP_PRTCTN_61,2,TYP_PRTCTN_73,,+,1900-01-01,9999-12-31
TYP_PRTCTN_HIER_12,TYP_PRTCTN_80,3,TYP_PRTCTN_30,,+,1900-01-01,9999-12-31
TYP_PRTCTN_HIER_11,TYP_PRTCTN_85,4,TYP_PRTCTN_80,,+,1900-01-01,9999-12-31
FRBRNC_STTS_HIER_1,FRBRNC_STTS_9,2,FRBRNC_STTS_-1,,+,1900-01-01,9999-12-31
FRBRNC_STTS_HIER_2,FRBRNC_STTS_11,2,FRBRNC_STTS_1,,+,1900-01-01,9999-12-31
SRC_ENCMBRNC_IL,SRC_ENCMBRNC_14,3,SRC_ENCMBRNC_30,,+,2019-05-01,9999-12-31
SRC_ENCMBRNC_IL,SRC_ENCMBRNC_16,3,SRC_ENCMBRNC_40,,+,2019-05-01,9999-12-31
SRC_ENCMBRNC_IL,SRC_ENCMBRNC_17,3,SRC_ENCMBRNC_40,,+,2019-05-01,9999-12-31
SBRDNTD_DBT_HIER_1,SBRDNTD_DBT_1,2,SBRDNTD_DBT_-1,,+,1900-01-01,9999-12-31
FRBRNC_STTS_HIER_1,FRBRNC_STTS_8,2,FRBRNC_STTS_-1,,+,1900-01-01,9999-12-31
SRC_ENCMBRNC_IL,SRC_ENCMBRNC_12,3,SRC_ENCMBRNC_50,,+,2019-05-01,9999-12-31
SRC_ENCMBRNC_IL,SRC_ENCMBRNC_10,3,SRC_ENCMBRNC_50,,+,2019-05-01,9999-12-31
SRC_ENCMBRNC_IL,SRC_ENCMBRNC_11,3,SRC_ENCMBRNC_50,,+,2019-05-01,9999-12-31
RCGNTN_STTS_HIER_1,RCGNTN_STTS_5,2,RCGNTN_STTS_-1,,+,1900-01-01,9999-12-31
FRBRNC_STTS_HIER_2,FRBRNC_STTS_12,2,FRBRNC_STTS_1,,+,1900-01-01,9999-12-31
RCGNTN_STTS_HIER_1,RCGNTN_STTS_1,2,RCGNTN_STTS_-1,,+,1900-01-01,9999-12-31
FRBRNC_STTS_HIER_2,FRBRNC_STTS_10,2,FRBRNC_STTS_1,,+,1900-01-01,9999-12-31
TYP_PRTCTN_HIER_11,TYP_PRTCTN_109,2,TYP_PRTCTN_73,=,+,1900-01-01,9999-12-31
SBRDNTD_DBT_HIER_1,SBRDNTD_DBT_2,2,SBRDNTD_DBT_-1,,+,1900-01-01,9999-12-31
FRBRNC_STTS_HIER_1,FRBRNC_STTS_1,2,FRBRNC_STTS_-1,,+,1900-01-01,9999-12-31
GGRPHCL_ARS_HIER_1,GGRPHCL_ARS_KP,2,GGRPHCL_ARS_-1,,+,1900-01-01,9999-12-31
GGRPHCL_ARS_HIER_1,GGRPHCL_ARS_JP,2,GGRPHCL_ARS_-1,,+,1900-01-01,9999-12-31
GGRPHCL_ARS_HIER_1,GGRPHCL_ARS_AU,2,GGRPHCL_ARS_-1,,+,1900-01-01,9999-12-31
SRC_ENCMBRNC_IL,SRC_ENCMBRNC_50,3,SRC_ENCMBRNC_104,=,+,2019-05-01,9999-12-31
GGRPHCL_ARS_HIER_1,GGRPHCL_ARS_CU,2,GGRPHCL_ARS_-1,,+,1900-01-01,9999-12-31
GGRPHCL_ARS_HIER_1,GGRPHCL_ARS_GU,2,GGRPHCL_ARS_-1,,+,1900-01-01,9999-12-31
GGRPHCL_ARS_HIER_1,GGRPHCL_ARS_MP,2,GGRPHCL_ARS_-1,,+,1900-01-01,9999-12-31
GGRPHCL_ARS_HIER_1,GGRPHCL_ARS_NP,2,GGRPHCL_ARS_-1,,+,1900-01-01,9999-12-31
GGRPHCL_ARS_HIER_1,GGRPHCL_ARS_NU,2,GGRPHCL_ARS_-1,,+,1900-01-01,9999-12-31
GGRPHCL_ARS_HIER_2,GGRPHCL_ARS_PM,2,GGRPHCL_ARS_FR,,+,1900-01-01,9999-12-31
GGRPHCL_ARS_HIER_1,GGRPHCL_ARS_SZ,2,GGRPHCL_ARS_-1,,+,1900-01-01,9999-12-31
GGRPHCL_ARS_HIER_1,GGRPHCL_ARS_MU,2,GGRPHCL_ARS_-1,,+,1900-01-01,9999-12-31
PRJCT_FNNC_LN_1,PRJCT_FNNC_LN_1,2,PRJCT_FNNC_LN_-1,,+,1900-01-01,9999-12-31
GGRPHCL_ARS_HIER_1,GGRPHCL_ARS_LU,2,GGRPHCL_ARS_-1,,+,1900-01-01,9999-12-31
GGRPHCL_ARS_HIER_1,GGRPHCL_ARS_GP,2,GGRPHCL_ARS_-1,,+,1900-01-01,9999-12-31
GGRPHCL_ARS_HIER_1,GGRPHCL_ARS_UZ,2,GGRPHCL_ARS_-1,,+,1900-01-01,9999-12-31
GGRPHCL_ARS_HIER_1,GGRPHCL_ARS_TZ,2,GGRPHCL_ARS_-1,,+,1900-01-01,9999-12-31
GGRPHCL_ARS_HIER_1,GGRPHCL_ARS_HU,2,GGRPHCL_ARS_-1,,+,1900-01-01,9999-12-31
GGRPHCL_ARS_HIER_1,GGRPHCL_ARS_AZ,2,GGRPHCL_ARS_-1,,+,1900-01-01,9999-12-31
ACCNTNG_CLSSFCTN_HIER_6,ACCNTNG_CLSSFCTN_39,1,,=,,1900-01-01,9999-12-31
GGRPHCL_ARS_HIER_1,GGRPHCL_ARS_CZ,2,GGRPHCL_ARS_-1,,+,1900-01-01,9999-12-31
GGRPHCL_ARS_HIER_1,GGRPHCL_ARS_BZ,2,GGRPHCL_ARS_-1,,+,1900-01-01,9999-12-31
ACCNTNG_CLSSFCTN_HIER_2,ACCNTNG_CLSSFCTN_70,1,,=,,1900-01-01,9999-12-31
GGRPHCL_ARS_HIER_1,GGRPHCL_ARS_DZ,2,GGRPHCL_ARS_-1,,+,1900-01-01,9999-12-31
GGRPHCL_ARS_HIER_1,GGRPHCL_ARS_NZ,2,GGRPHCL_ARS_-1,,+,1900-01-01,9999-12-31
GGRPHCL_ARS_HIER_1,GGRPHCL_ARS_RU,2,GGRPHCL_ARS_-1,,+,1900-01-01,9999-12-31
GGRPHCL_ARS_HIER_1,GGRPHCL_ARS_MZ,2,GGRPHCL_ARS_-1,,+,1900-01-01,9999-12-31
GGRPHCL_ARS_HIER_1,GGRPHCL_ARS_VU,2,GGRPHCL_ARS_-1,,+,1900-01-01,9999-12-31
GGRPHCL_ARS_HIER_1,GGRPHCL_ARS_KZ,2,GGRPHCL_ARS_-1,,+,1900-01-01,9999-12-31
GGRPHCL_ARS_HIER_1,GGRPHCL_ARS_KN,2,GGRPHCL_ARS_-1,,+,1900-01-01,9999-12-31
GGRPHCL_ARS_HIER_1,GGRPHCL_ARS_VA,2,GGRPHCL_ARS_-1,,+,1900-01-01,9999-12-31
GGRPHCL_ARS_HIER_1,GGRPHCL_ARS_CK,2,GGRPHCL_ARS_-1,,+,1900-01-01,9999-12-31
GGRPHCL_ARS_HIER_1,GGRPHCL_ARS_HN,2,GGRPHCL_ARS_-1,,+,1900-01-01,9999-12-31
GGRPHCL_ARS_HIER_1,GGRPHCL_ARS_IN,2,GGRPHCL_ARS_-1,,+,1900-01-01,9999-12-31
GGRPHCL_ARS_HIER_1,GGRPHCL_ARS_UA,2,GGRPHCL_ARS_-1,,+,1900-01-01,9999-12-31
GGRPHCL_ARS_HIER_1,GGRPHCL_ARS_PA,2,GGRPHCL_ARS_-1,,+,1900-01-01,9999-12-31
GGRPHCL_ARS_HIER_1,GGRPHCL_ARS_FK,2,GGRPHCL_ARS_-1,,+,1900-01-01,9999-12-31
GGRPHCL_ARS_HIER_1,GGRPHCL_ARS_QA,2,GGRPHCL_ARS_-1,,+,1900-01-01,9999-12-31
GGRPHCL_ARS_HIER_1,GGRPHCL_ARS_MN,2,GGRPHCL_ARS_-1,,+,1900-01-01,9999-12-31
GGRPHCL_ARS_HIER_1,GGRPHCL_ARS_DK,2,GGRPHCL_ARS_-1,,+,1900-01-01,9999-12-31
GGRPHCL_ARS_HIER_1,GGRPHCL_ARS_SA,2,GGRPHCL_ARS_-1,,+,1900-01-01,9999-12-31
GGRPHCL_ARS_HIER_1,GGRPHCL_ARS_SD,2,GGRPHCL_ARS_-1,,+,1900-01-01,9999-12-31
GGRPHCL_ARS_HIER_1,GGRPHCL_ARS_MK,2,GGRPHCL_ARS_-1,,+,1900-01-01,9999-12-31
GGRPHCL_ARS_HIER_1,GGRPHCL_ARS_ZA,2,GGRPHCL_ARS_-1,,+,1900-01-01,9999-12-31
GGRPHCL_ARS_HIER_1,GGRPHCL_ARS_GN,2,GGRPHCL_ARS_-1,,+,1900-01-01,9999-12-31
GGRPHCL_ARS_HIER_1,GGRPHCL_ARS_LK,2,GGRPHCL_ARS_-1,,+,1900-01-01,9999-12-31
GGRPHCL_ARS_HIER_1,GGRPHCL_ARS_BN,2,GGRPHCL_ARS_-1,,+,1900-01-01,9999-12-31
GGRPHCL_ARS_HIER_1,GGRPHCL_ARS_TD,2,GGRPHCL_ARS_-1,,+,1900-01-01,9999-12-31
GGRPHCL_ARS_HIER_1,GGRPHCL_ARS_HK,2,GGRPHCL_ARS_-1,,+,1900-01-01,9999-12-31
GGRPHCL_ARS_HIER_1,GGRPHCL_ARS_CN,2,GGRPHCL_ARS_-1,,+,1900-01-01,9999-12-31
GGRPHCL_ARS_HIER_1,GGRPHCL_ARS_AD,2,GGRPHCL_ARS_-1,,+,1900-01-01,9999-12-31
TYP_PRTCTN_HIER_11,TYP_PRTCTN_111,3,TYP_PRTCTN_109,=,+,1900-01-01,9999-12-31
GGRPHCL_ARS_HIER_1,GGRPHCL_ARS_VN,2,GGRPHCL_ARS_-1,,+,1900-01-01,9999-12-31
GGRPHCL_ARS_HIER_1,GGRPHCL_ARS_CD,2,GGRPHCL_ARS_-1,,+,1900-01-01,9999-12-31
GGRPHCL_ARS_HIER_1,GGRPHCL_ARS_TN,2,GGRPHCL_ARS_-1,,+,1900-01-01,9999-12-31
GGRPHCL_ARS_HIER_1,GGRPHCL_ARS_BD,2,GGRPHCL_ARS_-1,,+,1900-01-01,9999-12-31
GGRPHCL_ARS_HIER_1,GGRPHCL_ARS_LA,2,GGRPHCL_ARS_-1,,+,1900-01-01,9999-12-31
GGRPHCL_ARS_HIER_1,GGRPHCL_ARS_PN,2,GGRPHCL_ARS_-1,,+,1900-01-01,9999-12-31
GGRPHCL_ARS_HIER_1,GGRPHCL_ARS_GD,2,GGRPHCL_ARS_-1,,+,1900-01-01,9999-12-31
GGRPHCL_ARS_HIER_1,GGRPHCL_ARS_MA,2,GGRPHCL_ARS_-1,,+,1900-01-01,9999-12-31
GGRPHCL_ARS_HIER_1,GGRPHCL_ARS_XK,2,GGRPHCL_ARS_-1,,+,1900-01-01,9999-12-31
GGRPHCL_ARS_HIER_1,GGRPHCL_ARS_SN,2,GGRPHCL_ARS_-1,,+,1900-01-01,9999-12-31
GGRPHCL_ARS_HIER_1,GGRPHCL_ARS_NA,2,GGRPHCL_ARS_-1,,+,1900-01-01,9999-12-31
GGRPHCL_ARS_HIER_1,GGRPHCL_ARS_SK,2,GGRPHCL_ARS_-1,,+,1900-01-01,9999-12-31
GGRPHCL_ARS_HIER_1,GGRPHCL_ARS_MD,2,GGRPHCL_ARS_-1,,+,1900-01-01,9999-12-31
GGRPHCL_ARS_HIER_1,GGRPHCL_ARS_GA,2,GGRPHCL_ARS_-1,,+,1900-01-01,9999-12-31
GGRPHCL_ARS_HIER_1,GGRPHCL_ARS_PK,2,GGRPHCL_ARS_-1,,+,1900-01-01,9999-12-31
GGRPHCL_ARS_HIER_1,GGRPHCL_ARS_BA,2,GGRPHCL_ARS_-1,,+,1900-01-01,9999-12-31
GGRPHCL_ARS_HIER_1,GGRPHCL_ARS_ID,2,GGRPHCL_ARS_-1,,+,1900-01-01,9999-12-31
GGRPHCL_ARS_HIER_1,GGRPHCL_ARS_TK,2,GGRPHCL_ARS_-1,,+,1900-01-01,9999-12-31
GGRPHCL_ARS_HIER_1,GGRPHCL_ARS_CA,2,GGRPHCL_ARS_-1,,+,1900-01-01,9999-12-31
GGRPHCL_ARS_HIER_1,GGRPHCL_ARS_AO,2,GGRPHCL_ARS_-1,,+,1900-01-01,9999-12-31
GGRPHCL_ARS_HIER_1,GGRPHCL_ARS_VE,2,GGRPHCL_ARS_-1,,+,1900-01-01,9999-12-31
ACCNTNG_CLSSFCTN_HIER_3,ACCNTNG_CLSSFCTN_72,1,,=,,1900-01-01,9999-12-31
GGRPHCL_ARS_HIER_1,GGRPHCL_ARS_BO,2,GGRPHCL_ARS_-1,,+,1900-01-01,9999-12-31
GGRPHCL_ARS_HIER_1,GGRPHCL_ARS_CO,2,GGRPHCL_ARS_-1,,+,1900-01-01,9999-12-31
GGRPHCL_ARS_HIER_1,GGRPHCL_ARS_FO,2,GGRPHCL_ARS_-1,,+,1900-01-01,9999-12-31
GGRPHCL_ARS_HIER_1,GGRPHCL_ARS_PE,2,GGRPHCL_ARS_-1,,+,1900-01-01,9999-12-31
GGRPHCL_ARS_HIER_1,GGRPHCL_ARS_RE,2,GGRPHCL_ARS_-1,,+,1900-01-01,9999-12-31
GGRPHCL_ARS_HIER_2,GGRPHCL_ARS_FX,2,GGRPHCL_ARS_FR,,+,1900-01-01,9999-12-31
GGRPHCL_ARS_HIER_1,GGRPHCL_ARS_DO,2,GGRPHCL_ARS_-1,,+,1900-01-01,9999-12-31
GGRPHCL_ARS_HIER_1,GGRPHCL_ARS_SE,2,GGRPHCL_ARS_-1,,+,1900-01-01,9999-12-31
GGRPHCL_ARS_HIER_1,GGRPHCL_ARS_DJ,2,GGRPHCL_ARS_-1,,+,1900-01-01,9999-12-31
GGRPHCL_ARS_HIER_1,GGRPHCL_ARS_YE,2,GGRPHCL_ARS_-1,,+,1900-01-01,9999-12-31
GGRPHCL_ARS_HIER_1,GGRPHCL_ARS_NO,2,GGRPHCL_ARS_-1,,+,1900-01-01,9999-12-31
GGRPHCL_ARS_HIER_1,GGRPHCL_ARS_MO,2,GGRPHCL_ARS_-1,,+,1900-01-01,9999-12-31
GGRPHCL_ARS_HIER_1,GGRPHCL_ARS_FJ,2,GGRPHCL_ARS_-1,,+,1900-01-01,9999-12-31
GGRPHCL_ARS_HIER_1,GGRPHCL_ARS_BJ,2,GGRPHCL_ARS_-1,,+,1900-01-01,9999-12-31
GGRPHCL_ARS_HIER_1,GGRPHCL_ARS_IO,2,GGRPHCL_ARS_-1,,+,1900-01-01,9999-12-31
GGRPHCL_ARS_HIER_1,GGRPHCL_ARS_JO,2,GGRPHCL_ARS_-1,,+,1900-01-01,9999-12-31
GGRPHCL_ARS_HIER_1,GGRPHCL_ARS_JE,2,GGRPHCL_ARS_-1,,+,1900-01-01,9999-12-31
GGRPHCL_ARS_HIER_1,GGRPHCL_ARS_KE,2,GGRPHCL_ARS_-1,,+,1900-01-01,9999-12-31
GGRPHCL_ARS_HIER_1,GGRPHCL_ARS_IE,2,GGRPHCL_ARS_-1,,+,1900-01-01,9999-12-31
GGRPHCL_ARS_HIER_1,GGRPHCL_ARS_TJ,2,GGRPHCL_ARS_-1,,+,1900-01-01,9999-12-31
GGRPHCL_ARS_HIER_1,GGRPHCL_ARS_ME,2,GGRPHCL_ARS_-1,,+,1900-01-01,9999-12-31
GGRPHCL_ARS_HIER_1,GGRPHCL_ARS_NE,2,GGRPHCL_ARS_-1,,+,1900-01-01,9999-12-31
GGRPHCL_ARS_HIER_1,GGRPHCL_ARS_SJ,2,GGRPHCL_ARS_-1,,+,1900-01-01,9999-12-31
GGRPHCL_ARS_HIER_1,GGRPHCL_ARS_SO,2,GGRPHCL_ARS_-1,,+,1900-01-01,9999-12-31
GGRPHCL_ARS_HIER_1,GGRPHCL_ARS_DE,2,GGRPHCL_ARS_-1,,+,1900-01-01,9999-12-31
GGRPHCL_ARS_HIER_1,GGRPHCL_ARS_EE,2,GGRPHCL_ARS_-1,,+,1900-01-01,9999-12-31
GGRPHCL_ARS_HIER_1,GGRPHCL_ARS_RO,2,GGRPHCL_ARS_-1,,+,1900-01-01,9999-12-31
GGRPHCL_ARS_HIER_1,GGRPHCL_ARS_GE,2,GGRPHCL_ARS_-1,,+,1900-01-01,9999-12-31
GGRPHCL_ARS_HIER_1,GGRPHCL_ARS_TO,2,GGRPHCL_ARS_-1,,+,1900-01-01,9999-12-31
GGRPHCL_ARS_HIER_1,GGRPHCL_ARS_BE,2,GGRPHCL_ARS_-1,,+,1900-01-01,9999-12-31
TYP_PRTCTN_HIER_11,TYP_PRTCTN_110,3,TYP_PRTCTN_109,=,+,1900-01-01,9999-12-31
GGRPHCL_ARS_HIER_1,GGRPHCL_ARS_AE,2,GGRPHCL_ARS_-1,,+,1900-01-01,9999-12-31
GGRPHCL_ARS_HIER_1,GGRPHCL_ARS_AQ,2,GGRPHCL_ARS_-1,,+,1900-01-01,9999-12-31
GGRPHCL_ARS_HIER_1,GGRPHCL_ARS_BQ,2,GGRPHCL_ARS_-1,,+,1900-01-01,9999-12-31
GGRPHCL_ARS_HIER_1,GGRPHCL_ARS_IT,2,GGRPHCL_ARS_-1,,+,1900-01-01,9999-12-31
GGRPHCL_ARS_HIER_1,GGRPHCL_ARS_HT,2,GGRPHCL_ARS_-1,,+,1900-01-01,9999-12-31
GGRPHCL_ARS_HIER_1,GGRPHCL_ARS_MT,2,GGRPHCL_ARS_-1,,+,1900-01-01,9999-12-31
GGRPHCL_ARS_HIER_1,GGRPHCL_ARS_GQ,2,GGRPHCL_ARS_-1,,+,1900-01-01,9999-12-31
GGRPHCL_ARS_HIER_1,GGRPHCL_ARS_LT,2,GGRPHCL_ARS_-1,,+,1900-01-01,9999-12-31
GGRPHCL_ARS_HIER_2,GGRPHCL_ARS_MC,2,GGRPHCL_ARS_FR,,+,1900-01-01,9999-12-31
GGRPHCL_ARS_HIER_2,GGRPHCL_ARS_GF,2,GGRPHCL_ARS_FR,,+,1900-01-01,9999-12-31
GGRPHCL_ARS_HIER_2,GGRPHCL_ARS_MF,2,GGRPHCL_ARS_FR,,+,1900-01-01,9999-12-31
GGRPHCL_ARS_HIER_1,GGRPHCL_ARS_ET,2,GGRPHCL_ARS_-1,,+,1900-01-01,9999-12-31
GGRPHCL_ARS_HIER_1,GGRPHCL_ARS_GT,2,GGRPHCL_ARS_-1,,+,1900-01-01,9999-12-31
GGRPHCL_ARS_HIER_1,GGRPHCL_ARS_MQ,2,GGRPHCL_ARS_-1,,+,1900-01-01,9999-12-31
GGRPHCL_ARS_HIER_1,GGRPHCL_ARS_IQ,2,GGRPHCL_ARS_-1,,+,1900-01-01,9999-12-31
GGRPHCL_ARS_HIER_1,GGRPHCL_ARS_BT,2,GGRPHCL_ARS_-1,,+,1900-01-01,9999-12-31
GGRPHCL_ARS_HIER_1,GGRPHCL_ARS_AT,2,GGRPHCL_ARS_-1,,+,1900-01-01,9999-12-31
GGRPHCL_ARS_HIER_1,GGRPHCL_ARS_TT,2,GGRPHCL_ARS_-1,,+,1900-01-01,9999-12-31
GGRPHCL_ARS_HIER_1,GGRPHCL_ARS_PT,2,GGRPHCL_ARS_-1,,+,1900-01-01,9999-12-31
GGRPHCL_ARS_HIER_1,GGRPHCL_ARS_ST,2,GGRPHCL_ARS_-1,,+,1900-01-01,9999-12-31
GGRPHCL_ARS_HIER_1,GGRPHCL_ARS_YT,2,GGRPHCL_ARS_-1,,+,1900-01-01,9999-12-31
GGRPHCL_ARS_HIER_2,GGRPHCL_ARS_BL,2,GGRPHCL_ARS_FR,,+,1900-01-01,9999-12-31
GGRPHCL_ARS_HIER_1,GGRPHCL_ARS_BG,2,GGRPHCL_ARS_-1,,+,1900-01-01,9999-12-31
GGRPHCL_ARS_HIER_1,GGRPHCL_ARS_UM,2,GGRPHCL_ARS_-1,,+,1900-01-01,9999-12-31
GGRPHCL_ARS_HIER_1,GGRPHCL_ARS_TM,2,GGRPHCL_ARS_-1,,+,1900-01-01,9999-12-31
GGRPHCL_ARS_HIER_1,GGRPHCL_ARS_CG,2,GGRPHCL_ARS_-1,,+,1900-01-01,9999-12-31
GGRPHCL_ARS_HIER_1,GGRPHCL_ARS_AG,2,GGRPHCL_ARS_-1,,+,1900-01-01,9999-12-31
GGRPHCL_ARS_HIER_1,GGRPHCL_ARS_EG,2,GGRPHCL_ARS_-1,,+,1900-01-01,9999-12-31
GGRPHCL_ARS_HIER_1,GGRPHCL_ARS_SM,2,GGRPHCL_ARS_-1,,+,1900-01-01,9999-12-31
GGRPHCL_ARS_HIER_2,GGRPHCL_ARS_GP,2,GGRPHCL_ARS_FR,,+,1900-01-01,9999-12-31
GGRPHCL_ARS_HIER_1,GGRPHCL_ARS_GG,2,GGRPHCL_ARS_-1,,+,1900-01-01,9999-12-31
CRDT_QLTY_TCHNCL_HRRCHY,CRDT_QLTY_0,2,CRDT_QLTY_10,,=,1999-01-01,9999-12-31
GGRPHCL_ARS_HIER_1,GGRPHCL_ARS_LB,2,GGRPHCL_ARS_-1,,+,1900-01-01,9999-12-31
GGRPHCL_ARS_HIER_1,GGRPHCL_ARS_PM,2,GGRPHCL_ARS_-1,,+,1900-01-01,9999-12-31
GGRPHCL_ARS_HIER_1,GGRPHCL_ARS_PH,2,GGRPHCL_ARS_-1,,+,1900-01-01,9999-12-31
GGRPHCL_ARS_HIER_1,GGRPHCL_ARS_GB,2,GGRPHCL_ARS_-1,,+,1900-01-01,9999-12-31
GGRPHCL_ARS_HIER_1,GGRPHCL_ARS_ZM,2,GGRPHCL_ARS_-1,,+,1900-01-01,9999-12-31
TYP_PRTCTN_HIER_11,TYP_PRTCTN_107,7,TYP_PRTCTN_105,,+,1900-01-01,9999-12-31
GGRPHCL_ARS_HIER_1,GGRPHCL_ARS_MG,2,GGRPHCL_ARS_-1,,+,1900-01-01,9999-12-31
GGRPHCL_ARS_HIER_1,GGRPHCL_ARS_SH,2,GGRPHCL_ARS_-1,,+,1900-01-01,9999-12-31
SRC_ENCMBRNC_IL,SRC_ENCMBRNC_30,3,SRC_ENCMBRNC_104,=,+,2019-05-01,9999-12-31
GGRPHCL_ARS_HIER_1,GGRPHCL_ARS_NG,2,GGRPHCL_ARS_-1,,+,1900-01-01,9999-12-31
GGRPHCL_ARS_HIER_1,GGRPHCL_ARS_KG,2,GGRPHCL_ARS_-1,,+,1900-01-01,9999-12-31
GGRPHCL_ARS_HIER_1,GGRPHCL_ARS_TH,2,GGRPHCL_ARS_-1,,+,1900-01-01,9999-12-31
GGRPHCL_ARS_HIER_1,GGRPHCL_ARS_BB,2,GGRPHCL_ARS_-1,,+,1900-01-01,9999-12-31
GGRPHCL_ARS_HIER_1,GGRPHCL_ARS_BH,2,GGRPHCL_ARS_-1,,+,1900-01-01,9999-12-31
GGRPHCL_ARS_HIER_1,GGRPHCL_ARS_IM,2,GGRPHCL_ARS_-1,,+,1900-01-01,9999-12-31
GGRPHCL_ARS_HIER_1,GGRPHCL_ARS_HM,2,GGRPHCL_ARS_-1,,+,1900-01-01,9999-12-31
GGRPHCL_ARS_HIER_1,GGRPHCL_ARS_CH,2,GGRPHCL_ARS_-1,,+,1900-01-01,9999-12-31
GGRPHCL_ARS_HIER_1,GGRPHCL_ARS_JM,2,GGRPHCL_ARS_-1,,+,1900-01-01,9999-12-31
GGRPHCL_ARS_HIER_1,GGRPHCL_ARS_KM,2,GGRPHCL_ARS_-1,,+,1900-01-01,9999-12-31
GGRPHCL_ARS_HIER_1,GGRPHCL_ARS_EH,2,GGRPHCL_ARS_-1,,+,1900-01-01,9999-12-31
GGRPHCL_ARS_HIER_1,GGRPHCL_ARS_OM,2,GGRPHCL_ARS_-1,,+,1900-01-01,9999-12-31
GGRPHCL_ARS_HIER_1,GGRPHCL_ARS_SB,2,GGRPHCL_ARS_-1,,+,1900-01-01,9999-12-31
GGRPHCL_ARS_HIER_1,GGRPHCL_ARS_MM,2,GGRPHCL_ARS_-1,,+,1900-01-01,9999-12-31
GGRPHCL_ARS_HIER_1,GGRPHCL_ARS_GH,2,GGRPHCL_ARS_-1,,+,1900-01-01,9999-12-31
GGRPHCL_ARS_HIER_1,GGRPHCL_ARS_PG,2,GGRPHCL_ARS_-1,,+,1900-01-01,9999-12-31
GGRPHCL_ARS_HIER_1,GGRPHCL_ARS_GM,2,GGRPHCL_ARS_-1,,+,1900-01-01,9999-12-31
GGRPHCL_ARS_HIER_1,GGRPHCL_ARS_FM,2,GGRPHCL_ARS_-1,,+,1900-01-01,9999-12-31
TYP_PRTCTN_HIER_11,TYP_PRTCTN_108,7,TYP_PRTCTN_105,,+,1900-01-01,9999-12-31
GGRPHCL_ARS_HIER_1,GGRPHCL_ARS_MH,2,GGRPHCL_ARS_-1,,+,1900-01-01,9999-12-31
GGRPHCL_ARS_HIER_1,GGRPHCL_ARS_DM,2,GGRPHCL_ARS_-1,,+,1900-01-01,9999-12-31
GGRPHCL_ARS_HIER_1,GGRPHCL_ARS_SG,2,GGRPHCL_ARS_-1,,+,1900-01-01,9999-12-31
GGRPHCL_ARS_HIER_1,GGRPHCL_ARS_KH,2,GGRPHCL_ARS_-1,,+,1900-01-01,9999-12-31
GGRPHCL_ARS_HIER_1,GGRPHCL_ARS_AM,2,GGRPHCL_ARS_-1,,+,1900-01-01,9999-12-31
GGRPHCL_ARS_HIER_1,GGRPHCL_ARS_VG,2,GGRPHCL_ARS_-1,,+,1900-01-01,9999-12-31
GGRPHCL_ARS_HIER_1,GGRPHCL_ARS_CM,2,GGRPHCL_ARS_-1,,+,1900-01-01,9999-12-31
GGRPHCL_ARS_HIER_1,GGRPHCL_ARS_TG,2,GGRPHCL_ARS_-1,,+,1900-01-01,9999-12-31
GGRPHCL_ARS_HIER_1,GGRPHCL_ARS_UG,2,GGRPHCL_ARS_-1,,+,1900-01-01,9999-12-31
GGRPHCL_ARS_HIER_1,GGRPHCL_ARS_BM,2,GGRPHCL_ARS_-1,,+,1900-01-01,9999-12-31
GGRPHCL_ARS_HIER_1,GGRPHCL_ARS_US,2,GGRPHCL_ARS_-1,,+,1900-01-01,9999-12-31
GGRPHCL_ARS_HIER_1,GGRPHCL_ARS_BY,2,GGRPHCL_ARS_-1,,+,1900-01-01,9999-12-31
GGRPHCL_ARS_HIER_1,GGRPHCL_ARS_CY,2,GGRPHCL_ARS_-1,,+,1900-01-01,9999-12-31
GGRPHCL_ARS_HIER_1,GGRPHCL_ARS_WS,2,GGRPHCL_ARS_-1,,+,1900-01-01,9999-12-31
GGRPHCL_ARS_HIER_1,GGRPHCL_ARS_RS,2,GGRPHCL_ARS_-1,,+,1900-01-01,9999-12-31
SRC_ENCMBRNC_IL,SRC_ENCMBRNC_40,3,SRC_ENCMBRNC_105,=,+,2019-05-01,9999-12-31
GGRPHCL_ARS_HIER_1,GGRPHCL_ARS_SS,2,GGRPHCL_ARS_-1,,+,1900-01-01,9999-12-31
GGRPHCL_ARS_HIER_1,GGRPHCL_ARS_PS,2,GGRPHCL_ARS_-1,,+,1900-01-01,9999-12-31
GGRPHCL_ARS_HIER_1,GGRPHCL_ARS_GY,2,GGRPHCL_ARS_-1,,+,1900-01-01,9999-12-31
GGRPHCL_ARS_HIER_1,GGRPHCL_ARS_LY,2,GGRPHCL_ARS_-1,,+,1900-01-01,9999-12-31
GGRPHCL_ARS_HIER_1,GGRPHCL_ARS_MY,2,GGRPHCL_ARS_-1,,+,1900-01-01,9999-12-31
GGRPHCL_ARS_HIER_1,GGRPHCL_ARS_SV,2,GGRPHCL_ARS_-1,,+,1900-01-01,9999-12-31
GGRPHCL_ARS_HIER_1,GGRPHCL_ARS_KY,2,GGRPHCL_ARS_-1,,+,1900-01-01,9999-12-31
GGRPHCL_ARS_HIER_1,GGRPHCL_ARS_TV,2,GGRPHCL_ARS_-1,,+,1900-01-01,9999-12-31
PRJCT_FNNC_LN_1,PRJCT_FNNC_LN_2,2,PRJCT_FNNC_LN_-1,,+,1900-01-01,9999-12-31
GGRPHCL_ARS_HIER_1,GGRPHCL_ARS_IS,2,GGRPHCL_ARS_-1,,+,1900-01-01,9999-12-31
GGRPHCL_ARS_HIER_1,GGRPHCL_ARS_BV,2,GGRPHCL_ARS_-1,,+,1900-01-01,9999-12-31
GGRPHCL_ARS_HIER_1,GGRPHCL_ARS_CV,2,GGRPHCL_ARS_-1,,+,1900-01-01,9999-12-31
GGRPHCL_ARS_HIER_1,GGRPHCL_ARS_MS,2,GGRPHCL_ARS_-1,,+,1900-01-01,9999-12-31
GGRPHCL_ARS_HIER_1,GGRPHCL_ARS_LS,2,GGRPHCL_ARS_-1,,+,1900-01-01,9999-12-31
SRC_ENCMBRNC_IL,SRC_ENCMBRNC_20,3,SRC_ENCMBRNC_104,=,+,2019-05-01,9999-12-31
GGRPHCL_ARS_HIER_1,GGRPHCL_ARS_GS,2,GGRPHCL_ARS_-1,,+,1900-01-01,9999-12-31
GGRPHCL_ARS_HIER_1,GGRPHCL_ARS_LV,2,GGRPHCL_ARS_-1,,+,1900-01-01,9999-12-31
GGRPHCL_ARS_HIER_1,GGRPHCL_ARS_PY,2,GGRPHCL_ARS_-1,,+,1900-01-01,9999-12-31
GGRPHCL_ARS_HIER_1,GGRPHCL_ARS_MV,2,GGRPHCL_ARS_-1,,+,1900-01-01,9999-12-31
GGRPHCL_ARS_HIER_1,GGRPHCL_ARS_SY,2,GGRPHCL_ARS_-1,,+,1900-01-01,9999-12-31
GGRPHCL_ARS_HIER_1,GGRPHCL_ARS_ES,2,GGRPHCL_ARS_-1,,+,1900-01-01,9999-12-31
GGRPHCL_ARS_HIER_1,GGRPHCL_ARS_AS,2,GGRPHCL_ARS_-1,,+,1900-01-01,9999-12-31
GGRPHCL_ARS_HIER_1,GGRPHCL_ARS_BS,2,GGRPHCL_ARS_-1,,+,1900-01-01,9999-12-31
GGRPHCL_ARS_HIER_1,GGRPHCL_ARS_UY,2,GGRPHCL_ARS_-1,,+,1900-01-01,9999-12-31
GGRPHCL_ARS_HIER_1,GGRPHCL_ARS_TW,2,GGRPHCL_ARS_-1,,+,1900-01-01,9999-12-31
GGRPHCL_ARS_HIER_1,GGRPHCL_ARS_RW,2,GGRPHCL_ARS_-1,,+,1900-01-01,9999-12-31
GGRPHCL_ARS_HIER_1,GGRPHCL_ARS_PW,2,GGRPHCL_ARS_-1,,+,1900-01-01,9999-12-31
ACCNTNG_CLSSFCTN_HIER_9,ACCNTNG_CLSSFCTN_53,1,,=,,1900-01-01,9999-12-31
SRC_ENCMBRNC_IL,SRC_ENCMBRNC_18,3,SRC_ENCMBRNC_105,,+,2019-05-01,9999-12-31
SRC_ENCMBRNC_IL,SRC_ENCMBRNC_15,3,SRC_ENCMBRNC_104,=,+,2019-05-01,9999-12-31
GGRPHCL_ARS_HIER_1,GGRPHCL_ARS_MX,2,GGRPHCL_ARS_-1,,+,1900-01-01,9999-12-31
GGRPHCL_ARS_HIER_1,GGRPHCL_ARS_ZW,2,GGRPHCL_ARS_-1,,+,1900-01-01,9999-12-31
GGRPHCL_ARS_HIER_2,GGRPHCL_ARS_RE,2,GGRPHCL_ARS_FR,,+,1900-01-01,9999-12-31
GGRPHCL_ARS_HIER_1,GGRPHCL_ARS_PR,2,GGRPHCL_ARS_-1,,+,1900-01-01,9999-12-31
GGRPHCL_ARS_HIER_1,GGRPHCL_ARS_SR,2,GGRPHCL_ARS_-1,,+,1900-01-01,9999-12-31
ACCNTNG_CLSSFCTN_HIER_1,ACCNTNG_CLSSFCTN_71,1,,=,,1900-01-01,9999-12-31
GGRPHCL_ARS_HIER_1,GGRPHCL_ARS_AX,2,GGRPHCL_ARS_-1,,+,1900-01-01,9999-12-31
ACCNTNG_CLSSFCTN_HIER_4,ACCNTNG_CLSSFCTN_19,1,,=,,1900-01-01,9999-12-31
SRC_ENCMBRNC_IL,SRC_ENCMBRNC_13,3,SRC_ENCMBRNC_105,=,+,2019-05-01,9999-12-31
GGRPHCL_ARS_HIER_1,GGRPHCL_ARS_TR,2,GGRPHCL_ARS_-1,,+,1900-01-01,9999-12-31
ACCNTNG_CLSSFCTN_HIER_5,ACCNTNG_CLSSFCTN_38,1,,=,,1900-01-01,9999-12-31
GGRPHCL_ARS_HIER_1,GGRPHCL_ARS_CX,2,GGRPHCL_ARS_-1,,+,1900-01-01,9999-12-31
GGRPHCL_ARS_HIER_1,GGRPHCL_ARS_CR,2,GGRPHCL_ARS_-1,,+,1900-01-01,9999-12-31
GGRPHCL_ARS_HIER_1,GGRPHCL_ARS_BR,2,GGRPHCL_ARS_-1,,+,1900-01-01,9999-12-31
GGRPHCL_ARS_HIER_1,GGRPHCL_ARS_KW,2,GGRPHCL_ARS_-1,,+,1900-01-01,9999-12-31
GGRPHCL_ARS_HIER_1,GGRPHCL_ARS_AR,2,GGRPHCL_ARS_-1,,+,1900-01-01,9999-12-31
GGRPHCL_ARS_HIER_1,GGRPHCL_ARS_SX,2,GGRPHCL_ARS_-1,,+,1900-01-01,9999-12-31
GGRPHCL_ARS_HIER_1,GGRPHCL_ARS_ER,2,GGRPHCL_ARS_-1,,+,1900-01-01,9999-12-31
GGRPHCL_ARS_HIER_1,GGRPHCL_ARS_GR,2,GGRPHCL_ARS_-1,,+,1900-01-01,9999-12-31
GGRPHCL_ARS_HIER_1,GGRPHCL_ARS_FR,2,GGRPHCL_ARS_-1,,+,1900-01-01,9999-12-31
GGRPHCL_ARS_HIER_1,GGRPHCL_ARS_MW,2,GGRPHCL_ARS_-1,,+,1900-01-01,9999-12-31
GGRPHCL_ARS_HIER_1,GGRPHCL_ARS_MR,2,GGRPHCL_ARS_-1,,+,1900-01-01,9999-12-31
GGRPHCL_ARS_HIER_1,GGRPHCL_ARS_GW,2,GGRPHCL_ARS_-1,,+,1900-01-01,9999-12-31
GGRPHCL_ARS_HIER_1,GGRPHCL_ARS_LR,2,GGRPHCL_ARS_-1,,+,1900-01-01,9999-12-31
GGRPHCL_ARS_HIER_1,GGRPHCL_ARS_NR,2,GGRPHCL_ARS_-1,,+,1900-01-01,9999-12-31
GGRPHCL_ARS_HIER_1,GGRPHCL_ARS_AW,2,GGRPHCL_ARS_-1,,+,1900-01-01,9999-12-31
GGRPHCL_ARS_HIER_1,GGRPHCL_ARS_KR,2,GGRPHCL_ARS_-1,,+,1900-01-01,9999-12-31
GGRPHCL_ARS_HIER_1,GGRPHCL_ARS_BW,2,GGRPHCL_ARS_-1,,+,1900-01-01,9999-12-31
GGRPHCL_ARS_HIER_1,GGRPHCL_ARS_IR,2,GGRPHCL_ARS_-1,,+,1900-01-01,9999-12-31
GGRPHCL_ARS_HIER_1,GGRPHCL_ARS_HR,2,GGRPHCL_ARS_-1,,+,1900-01-01,9999-12-31
GGRPHCL_ARS_HIER_1,GGRPHCL_ARS_CW,2,GGRPHCL_ARS_-1,,+,1900-01-01,9999-12-31
GGRPHCL_ARS_HIER_1,GGRPHCL_ARS__X,2,GGRPHCL_ARS_-1,,+,1900-01-01,9999-12-31
GGRPHCL_ARS_HIER_1,GGRPHCL_ARS_CC,2,GGRPHCL_ARS_-1,,+,1900-01-01,9999-12-31
SRC_ENCMBRNC_ALL,SRC_ENCMBRNC_1,2,SRC_ENCMBRNC_101,,+,2019-05-01,9999-12-31
GGRPHCL_ARS_HIER_1,GGRPHCL_ARS_VI,2,GGRPHCL_ARS_-1,,+,1900-01-01,9999-12-31
GGRPHCL_ARS_HIER_1,GGRPHCL_ARS_SI,2,GGRPHCL_ARS_-1,,+,1900-01-01,9999-12-31
GGRPHCL_ARS_HIER_2,GGRPHCL_ARS_MQ,2,GGRPHCL_ARS_FR,,+,1900-01-01,9999-12-31
GGRPHCL_ARS_HIER_1,GGRPHCL_ARS_EC,2,GGRPHCL_ARS_-1,,+,1900-01-01,9999-12-31
GGRPHCL_ARS_HIER_1,GGRPHCL_ARS_NF,2,GGRPHCL_ARS_-1,,+,1900-01-01,9999-12-31
GGRPHCL_ARS_HIER_1,GGRPHCL_ARS_MF,2,GGRPHCL_ARS_-1,,+,1900-01-01,9999-12-31
GGRPHCL_ARS_HIER_1,GGRPHCL_ARS_MC,2,GGRPHCL_ARS_-1,,+,1900-01-01,9999-12-31
GGRPHCL_ARS_HIER_1,GGRPHCL_ARS_LC,2,GGRPHCL_ARS_-1,,+,1900-01-01,9999-12-31
GGRPHCL_ARS_HIER_1,GGRPHCL_ARS_PL,2,GGRPHCL_ARS_-1,,+,1900-01-01,9999-12-31
GGRPHCL_ARS_HIER_1,GGRPHCL_ARS_GF,2,GGRPHCL_ARS_-1,,+,1900-01-01,9999-12-31
GGRPHCL_ARS_HIER_1,GGRPHCL_ARS_NC,2,GGRPHCL_ARS_-1,,+,1900-01-01,9999-12-31
GGRPHCL_ARS_HIER_1,GGRPHCL_ARS_SL,2,GGRPHCL_ARS_-1,,+,1900-01-01,9999-12-31
GGRPHCL_ARS_HIER_1,GGRPHCL_ARS_AF,2,GGRPHCL_ARS_-1,,+,1900-01-01,9999-12-31
GGRPHCL_ARS_HIER_1,GGRPHCL_ARS_BF,2,GGRPHCL_ARS_-1,,+,1900-01-01,9999-12-31
GGRPHCL_ARS_HIER_1,GGRPHCL_ARS_CF,2,GGRPHCL_ARS_-1,,+,1900-01-01,9999-12-31
GGRPHCL_ARS_HIER_1,GGRPHCL_ARS_TL,2,GGRPHCL_ARS_-1,,+,1900-01-01,9999-12-31
GGRPHCL_ARS_HIER_1,GGRPHCL_ARS_TF,2,GGRPHCL_ARS_-1,,+,1900-01-01,9999-12-31
GGRPHCL_ARS_HIER_1,GGRPHCL_ARS_CL,2,GGRPHCL_ARS_-1,,+,1900-01-01,9999-12-31
GGRPHCL_ARS_HIER_1,GGRPHCL_ARS_BL,2,GGRPHCL_ARS_-1,,+,1900-01-01,9999-12-31
GGRPHCL_ARS_HIER_1,GGRPHCL_ARS_KI,2,GGRPHCL_ARS_-1,,+,1900-01-01,9999-12-31
GGRPHCL_ARS_HIER_1,GGRPHCL_ARS_WF,2,GGRPHCL_ARS_-1,,+,1900-01-01,9999-12-31
GGRPHCL_ARS_HIER_1,GGRPHCL_ARS_AL,2,GGRPHCL_ARS_-1,,+,1900-01-01,9999-12-31
GGRPHCL_ARS_HIER_1,GGRPHCL_ARS_NI,2,GGRPHCL_ARS_-1,,+,1900-01-01,9999-12-31
GGRPHCL_ARS_HIER_1,GGRPHCL_ARS_GL,2,GGRPHCL_ARS_-1,,+,1900-01-01,9999-12-31
GGRPHCL_ARS_HIER_1,GGRPHCL_ARS_LI,2,GGRPHCL_ARS_-1,,+,1900-01-01,9999-12-31
GGRPHCL_ARS_HIER_1,GGRPHCL_ARS_PF,2,GGRPHCL_ARS_-1,,+,1900-01-01,9999-12-31
GGRPHCL_ARS_HIER_2,GGRPHCL_ARS_YT,2,GGRPHCL_ARS_FR,,+,1900-01-01,9999-12-31
GGRPHCL_ARS_HIER_1,GGRPHCL_ARS_FI,2,GGRPHCL_ARS_-1,,+,1900-01-01,9999-12-31
GGRPHCL_ARS_HIER_1,GGRPHCL_ARS_ML,2,GGRPHCL_ARS_-1,,+,1900-01-01,9999-12-31
GGRPHCL_ARS_HIER_1,GGRPHCL_ARS_GI,2,GGRPHCL_ARS_-1,,+,1900-01-01,9999-12-31
GGRPHCL_ARS_HIER_1,GGRPHCL_ARS_NL,2,GGRPHCL_ARS_-1,,+,1900-01-01,9999-12-31
GGRPHCL_ARS_HIER_1,GGRPHCL_ARS_SC,2,GGRPHCL_ARS_-1,,+,1900-01-01,9999-12-31
GGRPHCL_ARS_HIER_1,GGRPHCL_ARS_AI,2,GGRPHCL_ARS_-1,,+,1900-01-01,9999-12-31
GGRPHCL_ARS_HIER_1,GGRPHCL_ARS_VC,2,GGRPHCL_ARS_-1,,+,1900-01-01,9999-12-31
ACCNTNG_CLSSFCTN_HIER_7,ACCNTNG_CLSSFCTN_50,1,,=,,1900-01-01,9999-12-31
GGRPHCL_ARS_HIER_1,GGRPHCL_ARS_IL,2,GGRPHCL_ARS_-1,,+,1900-01-01,9999-12-31
GGRPHCL_ARS_HIER_1,GGRPHCL_ARS_BI,2,GGRPHCL_ARS_-1,,+,1900-01-01,9999-12-31
GGRPHCL_ARS_HIER_1,GGRPHCL_ARS_CI,2,GGRPHCL_ARS_-1,,+,1900-01-01,9999-12-31
GGRPHCL_ARS_HIER_1,GGRPHCL_ARS_TC,2,GGRPHCL_ARS_-1,,+,1900-01-01,9999-12-31
ACCNTNG_CLSSFCTN_HIER_13,ACCNTNG_CLSSFCTN_91,1,,=,,1900-01-01,9999-12-31
SRC_ENCMBRNC_IL,SRC_ENCMBRNC_104,2,SRC_ENCMBRNC_103,=,+,2019-05-01,9999-12-31
TYP_INSTRMNT_HIER_6,TYP_INSTRMNT_5,3,TYP_INSTRMNT_1,,+,1900-01-01,9999-12-31
RPYMNT_RGHTS_HIER_1,RPYMNT_RGHTS_3,3,RPYMNT_RGHTS_2,,+,1900-01-01,9999-12-31
SRC_ENCMBRNC_IL,SRC_ENCMBRNC_105,2,SRC_ENCMBRNC_103,=,+,2019-05-01,9999-12-31
RPYMNT_RGHTS_HIER_2,RPYMNT_RGHTS_3,3,RPYMNT_RGHTS_5,,+,1900-01-01,9999-12-31
ACCNTNG_CLSSFCTN_HIER_10,ACCNTNG_CLSSFCTN_63,1,,=,,1900-01-01,9999-12-31
TYP_INSTRMNT_HIER_6,TYP_INSTRMNT_9,3,TYP_INSTRMNT_1,,+,1900-01-01,9999-12-31
TYP_INSTRMNT_HIER_6,TYP_INSTRMNT_6,3,TYP_INSTRMNT_1,,+,1900-01-01,9999-12-31
RPYMNT_RGHTS_HIER_2,RPYMNT_RGHTS_4,3,RPYMNT_RGHTS_5,,+,1900-01-01,9999-12-31
RPYMNT_RGHTS_HIER_2,RPYMNT_RGHTS_5,2,RPYMNT_RGHTS_6,,+,1900-01-01,9999-12-31
RPYMNT_RGHTS_HIER_2,RPYMNT_RGHTS_1,2,RPYMNT_RGHTS_6,,+,1900-01-01,9999-12-31
TYP_INSTRMNT_HIER_6,TYP_INSTRMNT_8,3,TYP_INSTRMNT_1,,+,1900-01-01,9999-12-31
RPYMNT_RGHTS_HIER_1,RPYMNT_RGHTS_4,3,RPYMNT_RGHTS_2,,+,1900-01-01,9999-12-31
ACCNTNG_CLSSFCTN_HIER_11,ACCNTNG_CLSSFCTN_83,1,,=,,1900-01-01,9999-12-31
TYP_INSTRMNT_HIER_6,TYP_INSTRMNT_7,3,TYP_INSTRMNT_1,,+,1900-01-01,9999-12-31
TYP_INSTRMNT_HIER_12,TYP_INSTRMNT_9,2,TYP_INSTRMNT_1,,+,1900-01-01,9999-12-31
TYP_INSTRMNT_HIER_12,TYP_INSTRMNT_6,2,TYP_INSTRMNT_1,,+,1900-01-01,9999-12-31
RPYMNT_RGHTS_HIER_1,RPYMNT_RGHTS_2,2,RPYMNT_RGHTS_-1,,+,1900-01-01,9999-12-31
RPYMNT_RGHTS_HIER_1,RPYMNT_RGHTS_1,2,RPYMNT_RGHTS_-1,,+,1900-01-01,9999-12-31
ACCNTNG_CLSSFCTN_HIER_15,ACCNTNG_CLSSFCTN_712,1,,=,,1900-01-01,9999-12-31
TYP_INSTRMNT_HIER_12,TYP_INSTRMNT_8,2,TYP_INSTRMNT_1,,+,1900-01-01,9999-12-31
CRDT_QLTY_TCHNCL_HRRCHY_2,CRDT_QLTY_0,2,CRDT_QLTY_15,,=,1999-01-01,9999-12-31
SRC_ENCMBRNC_HIER_1,SRC_ENCMBRNC_9,4,SRC_ENCMBRNC_30,,+,1900-01-01,9999-12-31
TYP_INSTRMNT_HIER_12,TYP_INSTRMNT_7,2,TYP_INSTRMNT_1,,+,1900-01-01,9999-12-31
TYP_INSTRMNT_HIER_6,TYP_INSTRMNT_10,3,TYP_INSTRMNT_1,,+,1900-01-01,9999-12-31
TYP_INSTRMNT_HIER_6,TYP_INSTRMNT_4,2,TYP_INSTRMNT_-1,,+,1900-01-01,9999-12-31
TYP_INSTRMNT_HIER_6,TYP_INSTRMNT_2,2,TYP_INSTRMNT_-1,,+,1900-01-01,9999-12-31
TYP_INSTRMNT_HIER_6,TYP_INSTRMNT_3,2,TYP_INSTRMNT_-1,,+,1900-01-01,9999-12-31
TYP_INSTRMNT_HIER_6,TYP_INSTRMNT_1,2,TYP_INSTRMNT_-1,=,+,1900-01-01,9999-12-31
TYP_INSTRMNT_HIER_12,TYP_INSTRMNT_5,2,TYP_INSTRMNT_1,,+,1900-01-01,9999-12-31
CRDT_QLTY_TCHNCL_HRRCHY,CRDT_QLTY_-99,2,CRDT_QLTY_10,,=,1999-01-01,9999-12-31
SRC_ENCMBRNC_HIER_1,SRC_ENCMBRNC_7,4,SRC_ENCMBRNC_20,,+,1900-01-01,9999-12-31
SRC_ENCMBRNC_HIER_1,SRC_ENCMBRNC_6,4,SRC_ENCMBRNC_20,,+,1900-01-01,9999-12-31
SRC_ENCMBRNC_ALL,SRC_ENCMBRNC_100,2,SRC_ENCMBRNC_101,,+,2019-05-01,9999-12-31
ACCNTNG_CLSSFCTN_HIER_14,ACCNTNG_CLSSFCTN_711,1,,=,,1900-01-01,9999-12-31
TYP_INSTRMNT_HIER_12,TYP_INSTRMNT_10,2,TYP_INSTRMNT_1,,+,1900-01-01,9999-12-31
TYP_INSTRMNT_HIER_6,TYP_INSTRMNT_26,4,TYP_INSTRMNT_25,,+,1900-01-01,9999-12-31
TYP_INSTRMNT_HIER_6,TYP_INSTRMNT_27,4,TYP_INSTRMNT_25,,+,1900-01-01,9999-12-31
TYP_INSTRMNT_HIER_6,TYP_INSTRMNT_18,4,TYP_INSTRMNT_24,,+,1900-01-01,9999-12-31
TYP_INSTRMNT_HIER_6,TYP_INSTRMNT_19,4,TYP_INSTRMNT_24,,+,1900-01-01,9999-12-31
TYP_INSTRMNT_HIER_6,TYP_INSTRMNT_15,2,TYP_INSTRMNT_-1,=,+,1900-01-01,9999-12-31
TYP_INSTRMNT_HIER_6,TYP_INSTRMNT_16,2,TYP_INSTRMNT_-1,=,+,1900-01-01,9999-12-31
SRC_ENCMBRNC_HIER_1,SRC_ENCMBRNC_10,4,SRC_ENCMBRNC_50,,+,1900-01-01,9999-12-31
SRC_ENCMBRNC_HIER_1,SRC_ENCMBRNC_11,4,SRC_ENCMBRNC_50,,+,1900-01-01,9999-12-31
SRC_ENCMBRNC_HIER_1,SRC_ENCMBRNC_12,4,SRC_ENCMBRNC_50,,+,1900-01-01,9999-12-31
TYP_INSTRMNT_HIER_6,TYP_INSTRMNT_14,4,TYP_INSTRMNT_23,,+,1900-01-01,9999-12-31
TYP_INSTRMNT_HIER_6,TYP_INSTRMNT_13,4,TYP_INSTRMNT_23,,+,1900-01-01,9999-12-31
TYP_INSTRMNT_HIER_6,TYP_INSTRMNT_51,4,TYP_INSTRMNT_28,,+,1900-01-01,9999-12-31
SRC_ENCMBRNC_HIER_1,SRC_ENCMBRNC_14,4,SRC_ENCMBRNC_30,,+,1900-01-01,9999-12-31
TYP_INSTRMNT_HIER_6,TYP_INSTRMNT_28,3,TYP_INSTRMNT_15,=,+,1900-01-01,9999-12-31
TYP_INSTRMNT_HIER_6,TYP_INSTRMNT_22,3,TYP_INSTRMNT_15,=,+,1900-01-01,9999-12-31
TYP_INSTRMNT_HIER_6,TYP_INSTRMNT_71,4,TYP_INSTRMNT_28,=,+,1900-01-01,9999-12-31
TYP_INSTRMNT_HIER_6,TYP_INSTRMNT_25,3,TYP_INSTRMNT_16,=,+,1900-01-01,9999-12-31
TYP_INSTRMNT_HIER_6,TYP_INSTRMNT_24,3,TYP_INSTRMNT_16,,+,1900-01-01,9999-12-31
TYP_INSTRMNT_HIER_6,TYP_INSTRMNT_80,4,TYP_INSTRMNT_28,,+,1900-01-01,9999-12-31
SRC_ENCMBRNC_HIER_1,SRC_ENCMBRNC_16,4,SRC_ENCMBRNC_40,,+,1900-01-01,9999-12-31
SRC_ENCMBRNC_HIER_1,SRC_ENCMBRNC_17,4,SRC_ENCMBRNC_40,,+,1900-01-01,9999-12-31
TYP_INSTRMNT_HIER_6,TYP_INSTRMNT_380,3,TYP_INSTRMNT_1,,+,1900-01-01,9999-12-31
TYP_INSTRMNT_HIER_6,TYP_INSTRMNT_120,4,TYP_INSTRMNT_22,,+,1900-01-01,9999-12-31
SRC_ENCMBRNC_HIER_1,SRC_ENCMBRNC_30,3,SRC_ENCMBRNC_104,=,+,1900-01-01,9999-12-31
TYP_INSTRMNT_HIER_1,TYP_INSTRMNT_050,6,TYP_INSTRMNT_51,,+,1900-01-01,9999-12-31
SRC_ENCMBRNC_HIER_1,SRC_ENCMBRNC_20,3,SRC_ENCMBRNC_104,=,+,1900-01-01,9999-12-31
SRC_ENCMBRNC_HIER_1,SRC_ENCMBRNC_40,3,SRC_ENCMBRNC_105,=,+,1900-01-01,9999-12-31
TYP_INSTRMNT_HIER_6,TYP_INSTRMNT_948,2,TYP_INSTRMNT_-1,=,+,1900-01-01,9999-12-31
TYP_INSTRMNT_HIER_61,TYP_INSTRMNT_2,3,TYP_INSTRMNT_241,,+,1900-01-01,9999-12-31
SRC_ENCMBRNC_HIER_1,SRC_ENCMBRNC_13,3,SRC_ENCMBRNC_105,=,+,1900-01-01,9999-12-31
TYP_INSTRMNT_HIER_6,TYP_INSTRMNT_31,6,TYP_INSTRMNT_510,,+,1900-01-01,9999-12-31
SRC_ENCMBRNC_HIER_1,SRC_ENCMBRNC_18,3,SRC_ENCMBRNC_105,,+,1900-01-01,9999-12-31
SRC_ENCMBRNC_HIER_1,SRC_ENCMBRNC_15,3,SRC_ENCMBRNC_104,=,+,1900-01-01,9999-12-31
TYP_INSTRMNT_HIER_6,TYP_INSTRMNT_130,4,TYP_INSTRMNT_22,,+,1900-01-01,9999-12-31
TYP_INSTRMNT_HIER_1,TYP_INSTRMNT_80,5,TYP_INSTRMNT_112,,+,1900-01-01,9999-12-31
TYP_INSTRMNT_HIER_1,TYP_INSTRMNT_040,6,TYP_INSTRMNT_51,,+,1900-01-01,9999-12-31
TYP_INSTRMNT_HIER_21,TYP_INSTRMNT_25,2,TYP_INSTRMNT_16,,+,1900-01-01,9999-12-31
TYP_INSTRMNT_HIER_21,TYP_INSTRMNT_27,2,TYP_INSTRMNT_16,,+,1900-01-01,9999-12-31
TYP_INSTRMNT_HIER_21,TYP_INSTRMNT_26,2,TYP_INSTRMNT_16,,+,1900-01-01,9999-12-31
TYP_INSTRMNT_HIER_1,TYP_INSTRMNT_20,6,TYP_INSTRMNT_101,,+,1900-01-01,9999-12-31
TYP_INSTRMNT_HIER_1,TYP_INSTRMNT_51,5,TYP_INSTRMNT_115,,+,1900-01-01,9999-12-31
TYP_INSTRMNT_HIER_6,TYP_INSTRMNT_23,3,TYP_INSTRMNT_948,=,+,1900-01-01,9999-12-31
SRC_ENCMBRNC_HIER_1,SRC_ENCMBRNC_50,3,SRC_ENCMBRNC_104,=,+,1900-01-01,9999-12-31
TYP_INSTRMNT_HIER_6,TYP_INSTRMNT_140,4,TYP_INSTRMNT_22,,+,1900-01-01,9999-12-31
TYP_INSTRMNT_HIER_1,TYP_INSTRMNT_149,2,TYP_INSTRMNT_-1,=,+,1900-01-01,9999-12-31
TYP_INSTRMNT_HIER_19,TYP_INSTRMNT_28,2,TYP_INSTRMNT_15,,+,1900-01-01,9999-12-31
TYP_INSTRMNT_HIER_19,TYP_INSTRMNT_22,2,TYP_INSTRMNT_15,,+,1900-01-01,9999-12-31
TYP_INSTRMNT_HIER_1,TYP_INSTRMNT_210,2,TYP_INSTRMNT_-1,=,+,1900-01-01,9999-12-31
TYP_INSTRMNT_HIER_1,TYP_INSTRMNT_241,2,TYP_INSTRMNT_-1,=,+,1900-01-01,9999-12-31
TYP_INSTRMNT_HIER_1,TYP_INSTRMNT_310,2,TYP_INSTRMNT_-1,=,+,1900-01-01,9999-12-31
CRDT_QLTY_TCHNCL_HRRCHY_2,CRDT_QLTY_-99,2,CRDT_QLTY_15,,=,1999-01-01,9999-12-31
TYP_INSTRMNT_HIER_61,TYP_INSTRMNT_1,3,TYP_INSTRMNT_310,,+,1900-01-01,9999-12-31
TYP_INSTRMNT_HIER_6,TYP_INSTRMNT_12,5,TYP_INSTRMNT_1000,,+,1900-01-01,9999-12-31
TYP_INSTRMNT_HIER_1,TYP_INSTRMNT_115,4,TYP_INSTRMNT_119,=,+,1900-01-01,9999-12-31
TYP_INSTRMNT_HIER_2,TYP_INSTRMNT_252,2,TYP_INSTRMNT_312,=,+,1900-01-01,9999-12-31
TYP_INSTRMNT_HIER_2,TYP_INSTRMNT_149,4,TYP_INSTRMNT_251,,+,1900-01-01,9999-12-31
TYP_INSTRMNT_HIER_1,TYP_INSTRMNT_238,4,TYP_INSTRMNT_240,,+,1900-01-01,9999-12-31
TYP_INSTRMNT_HIER_6,TYP_INSTRMNT_1020,5,TYP_INSTRMNT_71,,+,1900-01-01,9999-12-31
TYP_INSTRMNT_HIER_6,TYP_INSTRMNT_1023,5,TYP_INSTRMNT_71,,+,1900-01-01,9999-12-31
TYP_INSTRMNT_HIER_2,TYP_INSTRMNT_210,4,TYP_INSTRMNT_251,,+,1900-01-01,9999-12-31
TYP_INSTRMNT_HIER_10,TYP_INSTRMNT_30,5,TYP_INSTRMNT_510,=,+,1900-01-01,9999-12-31
TYP_INSTRMNT_HIER_1,TYP_INSTRMNT_030,5,TYP_INSTRMNT_112,,+,1900-01-01,9999-12-31
TYP_INSTRMNT_HIER_61,TYP_INSTRMNT_241,2,TYP_INSTRMNT_-1,=,+,1900-01-01,9999-12-31
TYP_INSTRMNT_HIER_61,TYP_INSTRMNT_23,3,TYP_INSTRMNT_920,,+,1900-01-01,9999-12-31
TYP_INSTRMNT_HIER_1,TYP_INSTRMNT_211,4,TYP_INSTRMNT_215,,+,1900-01-01,9999-12-31
TYP_INSTRMNT_HIER_22,TYP_INSTRMNT_71,2,TYP_INSTRMNT_119,,+,1900-01-01,9999-12-31
TYP_INSTRMNT_HIER_2,TYP_INSTRMNT_310,2,TYP_INSTRMNT_312,,+,1900-01-01,9999-12-31
TYP_INSTRMNT_HIER_61,TYP_INSTRMNT_310,2,TYP_INSTRMNT_-1,=,+,1900-01-01,9999-12-31
TYP_INSTRMNT_HIER_61,TYP_INSTRMNT_114,2,TYP_INSTRMNT_-1,=,+,1900-01-01,9999-12-31
TYP_INSTRMNT_HIER_1,TYP_INSTRMNT_230,4,TYP_INSTRMNT_231,,+,1900-01-01,9999-12-31
TYP_INSTRMNT_HIER_22,TYP_INSTRMNT_51,2,TYP_INSTRMNT_119,,+,1900-01-01,9999-12-31
TYP_INSTRMNT_HIER_61,TYP_INSTRMNT_949,2,TYP_INSTRMNT_-1,=,+,1900-01-01,9999-12-31
TYP_INSTRMNT_HIER_6,TYP_INSTRMNT_1000,4,TYP_INSTRMNT_28,=,+,1900-01-01,9999-12-31
TYP_INSTRMNT_HIER_6,TYP_INSTRMNT_511,6,TYP_INSTRMNT_510,,+,1900-01-01,9999-12-31
TYP_INSTRMNT_HIER_1,TYP_INSTRMNT_130,4,TYP_INSTRMNT_141,,+,1900-01-01,9999-12-31
TYP_INSTRMNT_HIER_1,TYP_INSTRMNT_060,6,TYP_INSTRMNT_101,,+,1900-01-01,9999-12-31
TYP_INSTRMNT_HIER_1,TYP_INSTRMNT_221,5,TYP_INSTRMNT_220,,+,1900-01-01,9999-12-31
TYP_INSTRMNT_HIER_1,TYP_INSTRMNT_231,3,TYP_INSTRMNT_241,=,+,1900-01-01,9999-12-31
TYP_INSTRMNT_HIER_10,TYP_INSTRMNT_514,6,TYP_INSTRMNT_30,=,+,1900-01-01,9999-12-31
TYP_INSTRMNT_HIER_10,TYP_INSTRMNT_513,6,TYP_INSTRMNT_30,=,+,1900-01-01,9999-12-31
TYP_INSTRMNT_HIER_1,TYP_INSTRMNT_101,5,TYP_INSTRMNT_115,=,+,1900-01-01,9999-12-31
TYP_INSTRMNT_HIER_1,TYP_INSTRMNT_239,4,TYP_INSTRMNT_240,,+,1900-01-01,9999-12-31
TYP_INSTRMNT_HIER_1,TYP_INSTRMNT_390,3,TYP_INSTRMNT_310,=,+,1900-01-01,9999-12-31
TYP_INSTRMNT_HIER_23,TYP_INSTRMNT_80,2,TYP_INSTRMNT_149,,+,1900-01-01,9999-12-31
TYP_INSTRMNT_HIER_1,TYP_INSTRMNT_120,4,TYP_INSTRMNT_141,,+,1900-01-01,9999-12-31
TYP_INSTRMNT_HIER_1,TYP_INSTRMNT_380,4,TYP_INSTRMNT_329,,+,1900-01-01,9999-12-31
TYP_INSTRMNT_HIER_1,TYP_INSTRMNT_220,4,TYP_INSTRMNT_231,=,+,1900-01-01,9999-12-31
TYP_INSTRMNT_HIER_61,TYP_INSTRMNT_149,2,TYP_INSTRMNT_-1,=,+,1900-01-01,9999-12-31
TYP_INSTRMNT_HIER_1,TYP_INSTRMNT_141,3,TYP_INSTRMNT_149,=,+,1900-01-01,9999-12-31
TYP_INSTRMNT_HIER_23,TYP_INSTRMNT_71,2,TYP_INSTRMNT_149,,+,1900-01-01,9999-12-31
TYP_INSTRMNT_HIER_1,TYP_INSTRMNT_240,3,TYP_INSTRMNT_241,=,+,1900-01-01,9999-12-31
TYP_INSTRMNT_HIER_6,TYP_INSTRMNT_1022,4,TYP_INSTRMNT_28,,+,1900-01-01,9999-12-31
TYP_INSTRMNT_HIER_22,TYP_INSTRMNT_20,2,TYP_INSTRMNT_119,,+,1900-01-01,9999-12-31
TYP_INSTRMNT_HIER_1,TYP_INSTRMNT_214,3,TYP_INSTRMNT_210,=,+,1900-01-01,9999-12-31
TYP_INSTRMNT_HIER_1,TYP_INSTRMNT_212,4,TYP_INSTRMNT_215,,+,1900-01-01,9999-12-31
SRC_ENCMBRNC_HIER_1,SRC_ENCMBRNC_105,2,SRC_ENCMBRNC_103,=,+,1900-01-01,9999-12-31
TYP_INSTRMNT_HIER_10,TYP_INSTRMNT_19,4,TYP_INSTRMNT_300,,+,1900-01-01,9999-12-31
TYP_INSTRMNT_HIER_2,TYP_INSTRMNT_241,3,TYP_INSTRMNT_252,,+,1900-01-01,9999-12-31
TYP_INSTRMNT_HIER_10,TYP_INSTRMNT_18,4,TYP_INSTRMNT_300,,+,1900-01-01,9999-12-31
TYP_INSTRMNT_HIER_1,TYP_INSTRMNT_070,5,TYP_INSTRMNT_112,,+,1900-01-01,9999-12-31
TYP_INSTRMNT_HIER_22,TYP_INSTRMNT_80,2,TYP_INSTRMNT_119,,+,1900-01-01,9999-12-31
TYP_INSTRMNT_HIER_61,TYP_INSTRMNT_920,2,TYP_INSTRMNT_-1,=,+,1900-01-01,9999-12-31
TYP_INSTRMNT_HIER_1,TYP_INSTRMNT_329,3,TYP_INSTRMNT_310,=,+,1900-01-01,9999-12-31
TYP_INSTRMNT_HIER_61,TYP_INSTRMNT_15,3,TYP_INSTRMNT_149,,+,1900-01-01,9999-12-31
TYP_INSTRMNT_HIER_1,TYP_INSTRMNT_119,3,TYP_INSTRMNT_149,=,+,1900-01-01,9999-12-31
TYP_INSTRMNT_HIER_1,TYP_INSTRMNT_140,4,TYP_INSTRMNT_141,,+,1900-01-01,9999-12-31
TYP_INSTRMNT_HIER_1,TYP_INSTRMNT_112,4,TYP_INSTRMNT_119,=,+,1900-01-01,9999-12-31
TYP_INSTRMNT_HIER_1,TYP_INSTRMNT_215,3,TYP_INSTRMNT_210,=,+,1900-01-01,9999-12-31
TYP_INSTRMNT_HIER_1,TYP_INSTRMNT_370,4,TYP_INSTRMNT_329,=,+,1900-01-01,9999-12-31
TYP_INSTRMNT_HIER_23,TYP_INSTRMNT_51,2,TYP_INSTRMNT_149,,+,1900-01-01,9999-12-31
SRC_ENCMBRNC_HIER_1,SRC_ENCMBRNC_104,2,SRC_ENCMBRNC_103,=,+,1900-01-01,9999-12-31
TYP_INSTRMNT_HIER_1,TYP_INSTRMNT_222,5,TYP_INSTRMNT_220,,+,1900-01-01,9999-12-31
TYP_INSTRMNT_HIER_2,TYP_INSTRMNT_251,3,TYP_INSTRMNT_252,=,+,1900-01-01,9999-12-31
TYP_INSTRMNT_HIER_23,TYP_INSTRMNT_031,2,TYP_INSTRMNT_149,,+,1900-01-01,9999-12-31
TYP_INSTRMNT_HIER_10,TYP_INSTRMNT_517,7,TYP_INSTRMNT_513,,+,1900-01-01,9999-12-31
TYP_INSTRMNT_HIER_1,TYP_INSTRMNT_3103,5,TYP_INSTRMNT_370,,+,1900-01-01,9999-12-31
TYP_INSTRMNT_HIER_10,TYP_INSTRMNT_501,3,TYP_INSTRMNT_500,,+,1900-01-01,9999-12-31
TYP_INSTRMNT_HIER_5,TYP_INSTRMNT_3101,2,TYP_INSTRMNT_310,,+,1900-01-01,9999-12-31
TYP_INSTRMNT_HIER_10,TYP_INSTRMNT_300,3,TYP_INSTRMNT_549,=,+,1900-01-01,9999-12-31
TYP_INSTRMNT_HIER_14,TYP_INSTRMNT_466,2,TYP_INSTRMNT_467,,+,1900-01-01,9999-12-31
TYP_INSTRMNT_HIER_4,TYP_INSTRMNT_210,2,TYP_INSTRMNT_1668,,+,1900-01-01,9999-12-31
TYP_INSTRMNT_HIER_10,TYP_INSTRMNT_516,7,TYP_INSTRMNT_514,,+,1900-01-01,9999-12-31
TYP_INSTRMNT_HIER_5,TYP_INSTRMNT_3104,2,TYP_INSTRMNT_310,,+,1900-01-01,9999-12-31
TYP_INSTRMNT_HIER_10,TYP_INSTRMNT_560,4,TYP_INSTRMNT_260,,+,1900-01-01,9999-12-31
TYP_INSTRMNT_HIER_13,TYP_INSTRMNT_1023,2,TYP_INSTRMNT_71,,+,1900-01-01,9999-12-31
TYP_INSTRMNT_HIER_3,TYP_INSTRMNT_310,2,TYP_INSTRMNT_1664,,+,1900-01-01,9999-12-31
TYP_INSTRMNT_HIER_13,TYP_INSTRMNT_1020,2,TYP_INSTRMNT_71,,+,1900-01-01,9999-12-31
TYP_INSTRMNT_HIER_6,TYP_INSTRMNT_510,5,TYP_INSTRMNT_1000,=,+,1900-01-01,9999-12-31
TYP_INSTRMNT_HIER_10,TYP_INSTRMNT_547,3,TYP_INSTRMNT_549,=,+,1900-01-01,9999-12-31
TYP_INSTRMNT_HIER_1,TYP_INSTRMNT_2104,4,TYP_INSTRMNT_214,,+,1900-01-01,9999-12-31
TYP_INSTRMNT_HIER_11,TYP_INSTRMNT_148,2,TYP_INSTRMNT_149,,+,1900-01-01,9999-12-31
TYP_INSTRMNT_HIER_1,TYP_INSTRMNT_1000,5,TYP_INSTRMNT_112,,+,1900-01-01,9999-12-31
TYP_INSTRMNT_HIER_23,TYP_INSTRMNT_114,2,TYP_INSTRMNT_149,,+,1900-01-01,9999-12-31
TYP_INSTRMNT_HIER_3,TYP_INSTRMNT_210,3,TYP_INSTRMNT_1661,,+,1900-01-01,9999-12-31
TYP_INSTRMNT_HIER_6,TYP_INSTRMNT_522,5,TYP_INSTRMNT_1000,,+,1900-01-01,9999-12-31
TYP_INSTRMNT_HIER_11,TYP_INSTRMNT_031,2,TYP_INSTRMNT_149,,+,1900-01-01,9999-12-31
TYP_INSTRMNT_HIER_10,TYP_INSTRMNT_512,5,TYP_INSTRMNT_510,,+,1900-01-01,9999-12-31
TYP_INSTRMNT_HIER_20,TYP_INSTRMNT_14,2,TYP_INSTRMNT_1010,,+,1900-01-01,9999-12-31
TYP_INSTRMNT_HIER_1,TYP_INSTRMNT_2105,4,TYP_INSTRMNT_214,=,+,1900-01-01,9999-12-31
TYP_INSTRMNT_HIER_14,TYP_INSTRMNT_411,2,TYP_INSTRMNT_467,,+,1900-01-01,9999-12-31
TYP_INSTRMNT_HIER_18,TYP_INSTRMNT_241,2,TYP_INSTRMNT_213,,+,1900-01-01,9999-12-31
TYP_INSTRMNT_HIER_10,TYP_INSTRMNT_518,7,TYP_INSTRMNT_513,,+,1900-01-01,9999-12-31
TYP_INSTRMNT_HIER_10,TYP_INSTRMNT_522,4,TYP_INSTRMNT_547,,+,1900-01-01,9999-12-31
TYP_INSTRMNT_HIER_6,TYP_INSTRMNT_1011,3,TYP_INSTRMNT_948,,+,1900-01-01,9999-12-31
TYP_INSTRMNT_HIER_10,TYP_INSTRMNT_551,4,TYP_INSTRMNT_547,,+,1900-01-01,9999-12-31
TYP_INSTRMNT_HIER_14,TYP_INSTRMNT_251,2,TYP_INSTRMNT_467,,+,1900-01-01,9999-12-31
TYP_INSTRMNT_HIER_10,TYP_INSTRMNT_260,3,TYP_INSTRMNT_549,=,+,1900-01-01,9999-12-31
TYP_INSTRMNT_HIER_1,TYP_INSTRMNT_3102,4,TYP_INSTRMNT_390,,+,1900-01-01,9999-12-31
TYP_INSTRMNT_HIER_10,TYP_INSTRMNT_510,4,TYP_INSTRMNT_260,=,+,1900-01-01,9999-12-31
TYP_INSTRMNT_HIER_1,TYP_INSTRMNT_1003,5,TYP_INSTRMNT_112,,+,1900-01-01,9999-12-31
TYP_INSTRMNT_HIER_1,TYP_INSTRMNT_2102,4,TYP_INSTRMNT_214,,+,1900-01-01,9999-12-31
TYP_INSTRMNT_HIER_10,TYP_INSTRMNT_502,3,TYP_INSTRMNT_500,,+,1900-01-01,9999-12-31
TYP_INSTRMNT_HIER_61,TYP_INSTRMNT_948,3,TYP_INSTRMNT_949,,+,1900-01-01,9999-12-31
TYP_INSTRMNT_HIER_5,TYP_INSTRMNT_3102,2,TYP_INSTRMNT_310,,+,1900-01-01,9999-12-31
TYP_INSTRMNT_HIER_23,TYP_INSTRMNT_141,2,TYP_INSTRMNT_149,,+,1900-01-01,9999-12-31
TYP_INSTRMNT_HIER_10,TYP_INSTRMNT_515,7,TYP_INSTRMNT_514,,+,1900-01-01,9999-12-31
TYP_INSTRMNT_HIER_14,TYP_INSTRMNT_241,2,TYP_INSTRMNT_467,,+,1900-01-01,9999-12-31
TYP_INSTRMNT_HIER_10,TYP_INSTRMNT_521,4,TYP_INSTRMNT_547,,+,1900-01-01,9999-12-31
TYP_INSTRMNT_HIER_3,TYP_INSTRMNT_549,3,TYP_INSTRMNT_1661,,+,1900-01-01,9999-12-31
TYP_INSTRMNT_HIER_1,TYP_INSTRMNT_3101,5,TYP_INSTRMNT_370,,+,1900-01-01,9999-12-31
TYP_INSTRMNT_HIER_5,TYP_INSTRMNT_3103,2,TYP_INSTRMNT_310,,+,1900-01-01,9999-12-31
TYP_INSTRMNT_HIER_4,TYP_INSTRMNT_149,2,TYP_INSTRMNT_1668,,+,1900-01-01,9999-12-31
TYP_INSTRMNT_HIER_4,TYP_INSTRMNT_310,2,TYP_INSTRMNT_1668,,+,1900-01-01,9999-12-31
TYP_INSTRMNT_HIER_1,TYP_INSTRMNT_1002,5,TYP_INSTRMNT_112,,+,1900-01-01,9999-12-31
TYP_INSTRMNT_HIER_20,TYP_INSTRMNT_13,2,TYP_INSTRMNT_1010,,+,1900-01-01,9999-12-31
TYP_INSTRMNT_HIER_1,TYP_INSTRMNT_1001,6,TYP_INSTRMNT_101,=,+,1900-01-01,9999-12-31
TYP_INSTRMNT_HIER_18,TYP_INSTRMNT_210,2,TYP_INSTRMNT_213,,+,1900-01-01,9999-12-31
TYP_INSTRMNT_HIER_1,TYP_INSTRMNT_2107,5,TYP_INSTRMNT_2105,,+,1900-01-01,9999-12-31
TYP_INSTRMNT_HIER_24,TYP_INSTRMNT_1493,2,TYP_INSTRMNT_149,,+,1900-01-01,9999-12-31
TYP_INSTRMNT_HIER_16,TYP_INSTRMNT_149,2,TYP_INSTRMNT_1665,,+,1900-01-01,9999-12-31
TYP_INSTRMNT_HIER_16,TYP_INSTRMNT_549,5,TYP_INSTRMNT_1662,,+,1900-01-01,9999-12-31
TYP_INSTRMNT_HIER_17,TYP_INSTRMNT_149,2,TYP_INSTRMNT_1666,,+,1900-01-01,9999-12-31
TYP_INSTRMNT_HIER_22,TYP_INSTRMNT_1000,2,TYP_INSTRMNT_119,,+,1900-01-01,9999-12-31
TYP_INSTRMNT_HIER_1,TYP_INSTRMNT_2106,5,TYP_INSTRMNT_2105,,+,1900-01-01,9999-12-31
TYP_INSTRMNT_HIER_17,TYP_INSTRMNT_549,2,TYP_INSTRMNT_1666,,+,1900-01-01,9999-12-31
TYP_INSTRMNT_HIER_61,TYP_INSTRMNT_1022,3,TYP_INSTRMNT_114,,+,1900-01-01,9999-12-31
TYP_INSTRMNT_HIER_22,TYP_INSTRMNT_1001,2,TYP_INSTRMNT_119,,+,1900-01-01,9999-12-31
TYP_INSTRMNT_HIER_16,TYP_INSTRMNT_660,3,TYP_INSTRMNT_1663,,+,1900-01-01,9999-12-31
TYP_INSTRMNT_HIER_22,TYP_INSTRMNT_1004,2,TYP_INSTRMNT_119,,+,1900-01-01,9999-12-31
TYP_INSTRMNT_HIER_24,TYP_INSTRMNT_1492,2,TYP_INSTRMNT_149,,+,1900-01-01,9999-12-31
TYP_INSTRMNT_HIER_3,TYP_INSTRMNT_1661,2,TYP_INSTRMNT_1664,=,+,1900-01-01,9999-12-31
TYP_INSTRMNT_HIER_17,TYP_INSTRMNT_670,2,TYP_INSTRMNT_1666,,+,1900-01-01,9999-12-31
TYP_INSTRMNT_HIER_10,TYP_INSTRMNT_549,2,TYP_INSTRMNT_1013,=,+,1900-01-01,9999-12-31
TYP_INSTRMNT_HIER_22,TYP_INSTRMNT_1003,2,TYP_INSTRMNT_119,,+,1900-01-01,9999-12-31
TYP_INSTRMNT_HIER_10,TYP_INSTRMNT_500,2,TYP_INSTRMNT_1013,=,+,1900-01-01,9999-12-31
TYP_INSTRMNT_HIER_16,TYP_INSTRMNT_210,5,TYP_INSTRMNT_1662,,+,1900-01-01,9999-12-31
TYP_INSTRMNT_HIER_17,TYP_INSTRMNT_241,2,TYP_INSTRMNT_1666,,+,1900-01-01,9999-12-31
TYP_INSTRMNT_HIER_17,TYP_INSTRMNT_210,2,TYP_INSTRMNT_1666,,+,1900-01-01,9999-12-31
TYP_INSTRMNT_HIER_16,TYP_INSTRMNT_310,4,TYP_INSTRMNT_1667,,+,1900-01-01,9999-12-31
TYP_INSTRMNT_HIER_24,TYP_INSTRMNT_1491,2,TYP_INSTRMNT_149,,+,1900-01-01,9999-12-31
TYP_INSTRMNT_HIER_16,TYP_INSTRMNT_241,2,TYP_INSTRMNT_1665,,+,1900-01-01,9999-12-31
TYP_INSTRMNT_HIER_23,TYP_INSTRMNT_1003,2,TYP_INSTRMNT_149,,+,1900-01-01,9999-12-31
TYP_INSTRMNT_HIER_16,TYP_INSTRMNT_670,5,TYP_INSTRMNT_1662,,+,1900-01-01,9999-12-31
TYP_INSTRMNT_HIER_22,TYP_INSTRMNT_1002,2,TYP_INSTRMNT_119,,+,1900-01-01,9999-12-31
TYP_INSTRMNT_HIER_16,TYP_INSTRMNT_1662,4,TYP_INSTRMNT_1667,=,+,1900-01-01,9999-12-31
TYP_INSTRMNT_HIER_16,TYP_INSTRMNT_1667,3,TYP_INSTRMNT_1663,=,+,1900-01-01,9999-12-31
TYP_INSTRMNT_HIER_16,TYP_INSTRMNT_1663,2,TYP_INSTRMNT_1665,=,+,1900-01-01,9999-12-31
IMPRMNT_ASSSSMNT_MTHD_HIER_1,IMPRMNT_ASSSSMNT_MTHD_-1,1,,=,,1900-01-01,9999-12-31
ACCNTNG_CLSSFCTN_HIER_7,ACCNTNG_CLSSFCTN_6,3,ACCNTNG_CLSSFCTN_51,,+,1900-01-01,9999-12-31
ACCNTNG_CLSSFCTN_HIER_4,ACCNTNG_CLSSFCTN_6,3,ACCNTNG_CLSSFCTN_54,,+,1900-01-01,9999-12-31
ACCNTNG_CLSSFCTN_HIER_7,ACCNTNG_CLSSFCTN_4,3,ACCNTNG_CLSSFCTN_51,,+,1900-01-01,9999-12-31
ACCNTNG_CLSSFCTN_HIER_1,ACCNTNG_CLSSFCTN_3,2,ACCNTNG_CLSSFCTN_71,,+,1900-01-01,9999-12-31
ACCNTNG_CLSSFCTN_HIER_1,ACCNTNG_CLSSFCTN_9,4,ACCNTNG_CLSSFCTN_61,=,+,1900-01-01,9999-12-31
ACCNTNG_CLSSFCTN_HIER_7,ACCNTNG_CLSSFCTN_2,3,ACCNTNG_CLSSFCTN_51,,+,1900-01-01,9999-12-31
ACCNTNG_CLSSFCTN_HIER_5,ACCNTNG_CLSSFCTN_3,3,ACCNTNG_CLSSFCTN_37,,+,1900-01-01,9999-12-31
ACCNTNG_CLSSFCTN_HIER_7,ACCNTNG_CLSSFCTN_7,3,ACCNTNG_CLSSFCTN_52,,+,1900-01-01,9999-12-31
ACCNTNG_CLSSFCTN_HIER_1,ACCNTNG_CLSSFCTN_7,4,ACCNTNG_CLSSFCTN_61,,+,1900-01-01,9999-12-31
ACCNTNG_CLSSFCTN_HIER_5,ACCNTNG_CLSSFCTN_2,3,ACCNTNG_CLSSFCTN_42,,+,1900-01-01,9999-12-31
ACCNTNG_CLSSFCTN_HIER_7,ACCNTNG_CLSSFCTN_8,3,ACCNTNG_CLSSFCTN_51,,+,1900-01-01,9999-12-31
ACCNTNG_CLSSFCTN_HIER_1,ACCNTNG_CLSSFCTN_2,2,ACCNTNG_CLSSFCTN_71,,+,1900-01-01,9999-12-31
ACCNTNG_CLSSFCTN_HIER_1,ACCNTNG_CLSSFCTN_8,4,ACCNTNG_CLSSFCTN_61,,+,1900-01-01,9999-12-31
ACCNTNG_CLSSFCTN_HIER_1,ACCNTNG_CLSSFCTN_81,5,ACCNTNG_CLSSFCTN_9,,+,1900-01-01,9999-12-31
ACCNTNG_CLSSFCTN_HIER_4,ACCNTNG_CLSSFCTN_8,4,ACCNTNG_CLSSFCTN_62,,+,1900-01-01,9999-12-31
ACCNTNG_CLSSFCTN_HIER_7,ACCNTNG_CLSSFCTN_3,3,ACCNTNG_CLSSFCTN_52,,+,1900-01-01,9999-12-31
ACCNTNG_CLSSFCTN_HIER_1,ACCNTNG_CLSSFCTN_6,3,ACCNTNG_CLSSFCTN_60,,+,1900-01-01,9999-12-31
ACCNTNG_CLSSFCTN_HIER_1,ACCNTNG_CLSSFCTN_82,5,ACCNTNG_CLSSFCTN_9,,+,1900-01-01,9999-12-31
ACCNTNG_CLSSFCTN_HIER_9,ACCNTNG_CLSSFCTN_14,2,ACCNTNG_CLSSFCTN_53,,+,1900-01-01,9999-12-31
ACCNTNG_CLSSFCTN_HIER_1,ACCNTNG_CLSSFCTN_16,3,ACCNTNG_CLSSFCTN_60,=,+,1900-01-01,9999-12-31
ACCNTNG_CLSSFCTN_HIER_4,ACCNTNG_CLSSFCTN_76,3,ACCNTNG_CLSSFCTN_54,,+,1900-01-01,9999-12-31
ACCNTNG_CLSSFCTN_HIER_7,ACCNTNG_CLSSFCTN_81,3,ACCNTNG_CLSSFCTN_52,,+,1900-01-01,9999-12-31
ACCNTNG_CLSSFCTN_HIER_4,ACCNTNG_CLSSFCTN_81,4,ACCNTNG_CLSSFCTN_62,,+,1900-01-01,9999-12-31
ACCNTNG_CLSSFCTN_HIER_4,ACCNTNG_CLSSFCTN_54,2,ACCNTNG_CLSSFCTN_19,=,+,1900-01-01,9999-12-31
ACCNTNG_CLSSFCTN_HIER_9,ACCNTNG_CLSSFCTN_45,2,ACCNTNG_CLSSFCTN_53,,+,1900-01-01,9999-12-31
ACCNTNG_CLSSFCTN_HIER_3,ACCNTNG_CLSSFCTN_31,3,ACCNTNG_CLSSFCTN_86,,+,1900-01-01,9999-12-31
ACCNTNG_CLSSFCTN_HIER_14,ACCNTNG_CLSSFCTN_7,3,ACCNTNG_CLSSFCTN_61,,+,1900-01-01,9999-12-31
ACCNTNG_CLSSFCTN_HIER_5,ACCNTNG_CLSSFCTN_23,3,ACCNTNG_CLSSFCTN_42,,+,1900-01-01,9999-12-31
ACCNTNG_CLSSFCTN_HIER_3,ACCNTNG_CLSSFCTN_33,3,ACCNTNG_CLSSFCTN_86,,+,1900-01-01,9999-12-31
ACCNTNG_CLSSFCTN_HIER_4,ACCNTNG_CLSSFCTN_74,3,ACCNTNG_CLSSFCTN_54,,+,1900-01-01,9999-12-31
ACCNTNG_CLSSFCTN_HIER_1,ACCNTNG_CLSSFCTN_4,5,ACCNTNG_CLSSFCTN_391,,+,1900-01-01,9999-12-31
ACCNTNG_CLSSFCTN_HIER_1,ACCNTNG_CLSSFCTN_61,3,ACCNTNG_CLSSFCTN_60,=,+,1900-01-01,9999-12-31
ACCNTNG_CLSSFCTN_HIER_1,ACCNTNG_CLSSFCTN_77,4,ACCNTNG_CLSSFCTN_13,,+,1900-01-01,9999-12-31
ACCNTNG_CLSSFCTN_HIER_3,ACCNTNG_CLSSFCTN_87,2,ACCNTNG_CLSSFCTN_72,=,+,1900-01-01,9999-12-31
ACCNTNG_CLSSFCTN_HIER_7,ACCNTNG_CLSSFCTN_76,3,ACCNTNG_CLSSFCTN_52,,+,1900-01-01,9999-12-31
ACCNTNG_CLSSFCTN_HIER_14,ACCNTNG_CLSSFCTN_82,4,ACCNTNG_CLSSFCTN_9,,+,1900-01-01,9999-12-31
ACCNTNG_CLSSFCTN_HIER_10,ACCNTNG_CLSSFCTN_7,2,ACCNTNG_CLSSFCTN_63,,+,1900-01-01,9999-12-31
ACCNTNG_CLSSFCTN_HIER_4,ACCNTNG_CLSSFCTN_62,3,ACCNTNG_CLSSFCTN_54,=,+,1900-01-01,9999-12-31
ACCNTNG_CLSSFCTN_HIER_14,ACCNTNG_CLSSFCTN_81,4,ACCNTNG_CLSSFCTN_9,,+,1900-01-01,9999-12-31
ACCNTNG_CLSSFCTN_HIER_1,ACCNTNG_CLSSFCTN_74,4,ACCNTNG_CLSSFCTN_15,,+,1900-01-01,9999-12-31
ACCNTNG_CLSSFCTN_HIER_3,ACCNTNG_CLSSFCTN_35,3,ACCNTNG_CLSSFCTN_86,,+,1900-01-01,9999-12-31
ACCNTNG_CLSSFCTN_HIER_14,ACCNTNG_CLSSFCTN_8,3,ACCNTNG_CLSSFCTN_61,,+,1900-01-01,9999-12-31
ACCNTNG_CLSSFCTN_HIER_9,ACCNTNG_CLSSFCTN_6,3,ACCNTNG_CLSSFCTN_531,,+,1900-01-01,9999-12-31
ACCNTNG_CLSSFCTN_HIER_7,ACCNTNG_CLSSFCTN_51,2,ACCNTNG_CLSSFCTN_50,=,+,1900-01-01,9999-12-31
ACCNTNG_CLSSFCTN_HIER_7,ACCNTNG_CLSSFCTN_74,3,ACCNTNG_CLSSFCTN_52,,+,1900-01-01,9999-12-31
ACCNTNG_CLSSFCTN_HIER_1,ACCNTNG_CLSSFCTN_60,2,ACCNTNG_CLSSFCTN_71,=,+,1900-01-01,9999-12-31
ACCNTNG_CLSSFCTN_HIER_14,ACCNTNG_CLSSFCTN_9,3,ACCNTNG_CLSSFCTN_61,=,+,1900-01-01,9999-12-31
ACCNTNG_CLSSFCTN_HIER_3,ACCNTNG_CLSSFCTN_23,3,ACCNTNG_CLSSFCTN_87,,+,1900-01-01,9999-12-31
ACCNTNG_CLSSFCTN_HIER_1,ACCNTNG_CLSSFCTN_13,3,ACCNTNG_CLSSFCTN_60,=,+,1900-01-01,9999-12-31
ACCNTNG_CLSSFCTN_HIER_4,ACCNTNG_CLSSFCTN_73,3,ACCNTNG_CLSSFCTN_54,,+,1900-01-01,9999-12-31
ACCNTNG_CLSSFCTN_HIER_10,ACCNTNG_CLSSFCTN_4,2,ACCNTNG_CLSSFCTN_63,,+,1900-01-01,9999-12-31
ACCNTNG_CLSSFCTN_HIER_1,ACCNTNG_CLSSFCTN_14,4,ACCNTNG_CLSSFCTN_16,,+,1900-01-01,9999-12-31
ACCNTNG_CLSSFCTN_HIER_3,ACCNTNG_CLSSFCTN_21,3,ACCNTNG_CLSSFCTN_87,,+,1900-01-01,9999-12-31
ACCNTNG_CLSSFCTN_HIER_1,ACCNTNG_CLSSFCTN_76,4,ACCNTNG_CLSSFCTN_13,,+,1900-01-01,9999-12-31
ACCNTNG_CLSSFCTN_HIER_7,ACCNTNG_CLSSFCTN_77,3,ACCNTNG_CLSSFCTN_52,,+,1900-01-01,9999-12-31
ACCNTNG_CLSSFCTN_HIER_3,ACCNTNG_CLSSFCTN_86,2,ACCNTNG_CLSSFCTN_72,=,+,1900-01-01,9999-12-31
ACCNTNG_CLSSFCTN_HIER_7,ACCNTNG_CLSSFCTN_52,2,ACCNTNG_CLSSFCTN_50,=,+,1900-01-01,9999-12-31
ACCNTNG_CLSSFCTN_HIER_1,ACCNTNG_CLSSFCTN_45,4,ACCNTNG_CLSSFCTN_16,,+,1900-01-01,9999-12-31
ACCNTNG_CLSSFCTN_HIER_7,ACCNTNG_CLSSFCTN_14,3,ACCNTNG_CLSSFCTN_51,,+,1900-01-01,9999-12-31
ACCNTNG_CLSSFCTN_HIER_3,ACCNTNG_CLSSFCTN_25,3,ACCNTNG_CLSSFCTN_87,,+,1900-01-01,9999-12-31
ACCNTNG_CLSSFCTN_HIER_1,ACCNTNG_CLSSFCTN_41,4,ACCNTNG_CLSSFCTN_61,,+,1900-01-01,9999-12-31
ACCNTNG_CLSSFCTN_HIER_4,ACCNTNG_CLSSFCTN_14,2,ACCNTNG_CLSSFCTN_19,,+,1900-01-01,9999-12-31
ACCNTNG_CLSSFCTN_HIER_1,ACCNTNG_CLSSFCTN_15,3,ACCNTNG_CLSSFCTN_60,=,+,1900-01-01,9999-12-31
ACCNTNG_CLSSFCTN_HIER_7,ACCNTNG_CLSSFCTN_73,3,ACCNTNG_CLSSFCTN_52,,+,1900-01-01,9999-12-31
ACCNTNG_CLSSFCTN_HIER_7,ACCNTNG_CLSSFCTN_41,3,ACCNTNG_CLSSFCTN_51,,+,1900-01-01,9999-12-31
ACCNTNG_CLSSFCTN_HIER_7,ACCNTNG_CLSSFCTN_45,3,ACCNTNG_CLSSFCTN_52,,+,1900-01-01,9999-12-31
ACCNTNG_CLSSFCTN_HIER_7,ACCNTNG_CLSSFCTN_82,3,ACCNTNG_CLSSFCTN_52,,+,1900-01-01,9999-12-31
ACCNTNG_CLSSFCTN_HIER_1,ACCNTNG_CLSSFCTN_73,4,ACCNTNG_CLSSFCTN_15,,+,1900-01-01,9999-12-31
ACCNTNG_CLSSFCTN_HIER_4,ACCNTNG_CLSSFCTN_45,2,ACCNTNG_CLSSFCTN_19,,+,1900-01-01,9999-12-31
ACCNTNG_CLSSFCTN_HIER_4,ACCNTNG_CLSSFCTN_77,3,ACCNTNG_CLSSFCTN_54,,+,1900-01-01,9999-12-31
ACCNTNG_CLSSFCTN_HIER_6,ACCNTNG_CLSSFCTN_4,3,ACCNTNG_CLSSFCTN_391,,+,1900-01-01,9999-12-31
ACCNTNG_CLSSFCTN_HIER_7,ACCNTNG_CLSSFCTN_47,3,ACCNTNG_CLSSFCTN_52,,+,1900-01-01,9999-12-31
ACCNTNG_CLSSFCTN_HIER_5,ACCNTNG_CLSSFCTN_37,2,ACCNTNG_CLSSFCTN_38,=,+,1900-01-01,9999-12-31
ACCNTNG_CLSSFCTN_HIER_5,ACCNTNG_CLSSFCTN_42,2,ACCNTNG_CLSSFCTN_38,=,+,1900-01-01,9999-12-31
ACCNTNG_CLSSFCTN_HIER_5,ACCNTNG_CLSSFCTN_33,3,ACCNTNG_CLSSFCTN_37,,+,1900-01-01,9999-12-31
ACCNTNG_CLSSFCTN_HIER_15,ACCNTNG_CLSSFCTN_4,2,ACCNTNG_CLSSFCTN_712,,+,1900-01-01,9999-12-31
ACCNTNG_CLSSFCTN_HIER_9,ACCNTNG_CLSSFCTN_74,3,ACCNTNG_CLSSFCTN_531,,+,1900-01-01,9999-12-31
ACCNTNG_CLSSFCTN_HIER_6,ACCNTNG_CLSSFCTN_392,2,ACCNTNG_CLSSFCTN_39,=,+,1900-01-01,9999-12-31
ACCNTNG_CLSSFCTN_HIER_6,ACCNTNG_CLSSFCTN_47,3,ACCNTNG_CLSSFCTN_391,,+,1900-01-01,9999-12-31
ACCNTNG_CLSSFCTN_HIER_14,ACCNTNG_CLSSFCTN_74,3,ACCNTNG_CLSSFCTN_15,,+,1900-01-01,9999-12-31
ACCNTNG_CLSSFCTN_HIER_10,ACCNTNG_CLSSFCTN_41,2,ACCNTNG_CLSSFCTN_63,,+,1900-01-01,9999-12-31
ACCNTNG_CLSSFCTN_HIER_14,ACCNTNG_CLSSFCTN_77,3,ACCNTNG_CLSSFCTN_13,,+,1900-01-01,9999-12-31
ACCNTNG_CLSSFCTN_HIER_10,ACCNTNG_CLSSFCTN_73,2,ACCNTNG_CLSSFCTN_63,,+,1900-01-01,9999-12-31
ACCNTNG_CLSSFCTN_HIER_14,ACCNTNG_CLSSFCTN_4,4,ACCNTNG_CLSSFCTN_391,,+,1900-01-01,9999-12-31
ACCNTNG_CLSSFCTN_HIER_9,ACCNTNG_CLSSFCTN_77,3,ACCNTNG_CLSSFCTN_531,,+,1900-01-01,9999-12-31
ACCNTNG_CLSSFCTN_HIER_15,ACCNTNG_CLSSFCTN_7,2,ACCNTNG_CLSSFCTN_712,,+,1900-01-01,9999-12-31
ACCNTNG_CLSSFCTN_HIER_15,ACCNTNG_CLSSFCTN_6,2,ACCNTNG_CLSSFCTN_712,,+,1900-01-01,9999-12-31
ACCNTNG_CLSSFCTN_HIER_9,ACCNTNG_CLSSFCTN_76,3,ACCNTNG_CLSSFCTN_531,,+,1900-01-01,9999-12-31
ACCNTNG_CLSSFCTN_HIER_10,ACCNTNG_CLSSFCTN_47,2,ACCNTNG_CLSSFCTN_63,,+,1900-01-01,9999-12-31
ACCNTNG_CLSSFCTN_HIER_2,ACCNTNG_CLSSFCTN_701,2,ACCNTNG_CLSSFCTN_70,,+,1900-01-01,9999-12-31
ACCNTNG_CLSSFCTN_HIER_14,ACCNTNG_CLSSFCTN_6,2,ACCNTNG_CLSSFCTN_711,,+,1900-01-01,9999-12-31
ACCNTNG_CLSSFCTN_HIER_1,ACCNTNG_CLSSFCTN_391,4,ACCNTNG_CLSSFCTN_61,=,+,1900-01-01,9999-12-31
ACCNTNG_CLSSFCTN_HIER_14,ACCNTNG_CLSSFCTN_73,3,ACCNTNG_CLSSFCTN_15,,+,1900-01-01,9999-12-31
ACCNTNG_CLSSFCTN_HIER_9,ACCNTNG_CLSSFCTN_531,2,ACCNTNG_CLSSFCTN_53,=,+,1900-01-01,9999-12-31
ACCNTNG_CLSSFCTN_HIER_1,ACCNTNG_CLSSFCTN_47,5,ACCNTNG_CLSSFCTN_391,,+,1900-01-01,9999-12-31
ACCNTNG_CLSSFCTN_HIER_15,ACCNTNG_CLSSFCTN_8,2,ACCNTNG_CLSSFCTN_712,,+,1900-01-01,9999-12-31
ACCNTNG_CLSSFCTN_HIER_14,ACCNTNG_CLSSFCTN_41,3,ACCNTNG_CLSSFCTN_61,,+,1900-01-01,9999-12-31
ACCNTNG_CLSSFCTN_HIER_2,ACCNTNG_CLSSFCTN_702,2,ACCNTNG_CLSSFCTN_70,,+,1900-01-01,9999-12-31
ACCNTNG_CLSSFCTN_HIER_6,ACCNTNG_CLSSFCTN_391,2,ACCNTNG_CLSSFCTN_39,=,+,1900-01-01,9999-12-31
ACCNTNG_CLSSFCTN_HIER_14,ACCNTNG_CLSSFCTN_76,3,ACCNTNG_CLSSFCTN_13,,+,1900-01-01,9999-12-31
ACCNTNG_CLSSFCTN_HIER_6,ACCNTNG_CLSSFCTN_25,3,ACCNTNG_CLSSFCTN_392,,+,1900-01-01,9999-12-31
ACCNTNG_CLSSFCTN_HIER_6,ACCNTNG_CLSSFCTN_35,3,ACCNTNG_CLSSFCTN_392,,+,1900-01-01,9999-12-31
ACCNTNG_CLSSFCTN_HIER_14,ACCNTNG_CLSSFCTN_61,2,ACCNTNG_CLSSFCTN_711,=,+,1900-01-01,9999-12-31
ACCNTNG_CLSSFCTN_HIER_15,ACCNTNG_CLSSFCTN_81,2,ACCNTNG_CLSSFCTN_712,,+,1900-01-01,9999-12-31
ACCNTNG_CLSSFCTN_HIER_13,ACCNTNG_CLSSFCTN_911,2,ACCNTNG_CLSSFCTN_91,,+,1900-01-01,9999-12-31
ACCNTNG_CLSSFCTN_HIER_14,ACCNTNG_CLSSFCTN_15,2,ACCNTNG_CLSSFCTN_711,=,+,1900-01-01,9999-12-31
ACCNTNG_CLSSFCTN_HIER_15,ACCNTNG_CLSSFCTN_73,2,ACCNTNG_CLSSFCTN_712,,+,1900-01-01,9999-12-31
ACCNTNG_CLSSFCTN_HIER_15,ACCNTNG_CLSSFCTN_41,2,ACCNTNG_CLSSFCTN_712,,+,1900-01-01,9999-12-31
ACCNTNG_CLSSFCTN_HIER_11,ACCNTNG_CLSSFCTN_832,2,ACCNTNG_CLSSFCTN_83,,+,1900-01-01,9999-12-31
ACCNTNG_CLSSFCTN_HIER_15,ACCNTNG_CLSSFCTN_82,2,ACCNTNG_CLSSFCTN_712,,+,1900-01-01,9999-12-31
ACCNTNG_CLSSFCTN_HIER_14,ACCNTNG_CLSSFCTN_391,3,ACCNTNG_CLSSFCTN_61,=,+,1900-01-01,9999-12-31
ACCNTNG_CLSSFCTN_HIER_15,ACCNTNG_CLSSFCTN_77,2,ACCNTNG_CLSSFCTN_712,,+,1900-01-01,9999-12-31
ACCNTNG_CLSSFCTN_HIER_14,ACCNTNG_CLSSFCTN_13,2,ACCNTNG_CLSSFCTN_711,=,+,1900-01-01,9999-12-31
ACCNTNG_CLSSFCTN_HIER_11,ACCNTNG_CLSSFCTN_831,2,ACCNTNG_CLSSFCTN_83,,+,1900-01-01,9999-12-31
ACCNTNG_CLSSFCTN_HIER_15,ACCNTNG_CLSSFCTN_76,2,ACCNTNG_CLSSFCTN_712,,+,1900-01-01,9999-12-31
ACCNTNG_CLSSFCTN_HIER_14,ACCNTNG_CLSSFCTN_47,4,ACCNTNG_CLSSFCTN_391,,+,1900-01-01,9999-12-31
ACCNTNG_CLSSFCTN_HIER_15,ACCNTNG_CLSSFCTN_74,2,ACCNTNG_CLSSFCTN_712,,+,1900-01-01,9999-12-31
ACCNTNG_CLSSFCTN_HIER_13,ACCNTNG_CLSSFCTN_912,2,ACCNTNG_CLSSFCTN_91,,+,1900-01-01,9999-12-31
ACCNTNG_CLSSFCTN_HIER_15,ACCNTNG_CLSSFCTN_47,2,ACCNTNG_CLSSFCTN_712,,+,1900-01-01,9999-12-31
IMPRMNT_ASSSSMNT_MTHD_HIER_1,IMPRMNT_ASSSSMNT_MTHD_2,2,IMPRMNT_ASSSSMNT_MTHD_-1,,+,1900-01-01,9999-12-31
IMPRMNT_ASSSSMNT_MTHD_HIER_1,IMPRMNT_ASSSSMNT_MTHD_1,2,IMPRMNT_ASSSSMNT_MTHD_-1,,+,1900-01-01,9999-12-31