MAINTENANCE_AGENCY_ID,SUBDOMAIN_ID,NAME,DOMAIN_ID,IS_LISTED,CODE,FACET_ID,DESCRIPTION,IS_NATURAL
ECB,PSTL_CD_PT,Subdomain for the postal code of PSTL_CD_PT,STRNG,false,PSTL_CD_PT,PSTL_CD_PT,,false
ECB,PSTL_CD_CA,Subdomain for the postal code of PSTL_CD_CA,STRNG,false,PSTL_CD_CA,PSTL_CD_CA,,false
ECB,PSTL_CD_HK,Subdomain for the postal code of PSTL_CD_HK,STRNG,false,PSTL_CD_HK,PSTL_CD_HK,,false
ECB,PSTL_CD_LV,Subdomain for the postal code of PSTL_CD_LV,STRNG,false,PSTL_CD_LV,PSTL_CD_LV,,false
ECB,PSTL_CD_CU,Subdomain for the postal code of PSTL_CD_CU,STRNG,false,PSTL_CD_CU,PSTL_CD_CU,,false
ECB,PSTL_CD_IO,Subdomain for the postal code of PSTL_CD_IO,STRNG,false,PSTL_CD_IO,PSTL_CD_IO,,false
ECB,PSTL_CD_LB,Subdomain for the postal code of PSTL_CD_LB,STRNG,false,PSTL_CD_LB,PSTL_CD_LB,,false
ECB,PSTL_CD_PL,Subdomain for the postal code of PSTL_CD_PL,STRNG,false,PSTL_CD_PL,PSTL_CD_PL,,false
ECB,PSTL_CD_BM,Subdomain for the postal code of PSTL_CD_BM,STRNG,false,PSTL_CD_BM,PSTL_CD_BM,,false
ECB,PSTL_CD_NF,Subdomain for the postal code of PSTL_CD_NF,STRNG,false,PSTL_CD_NF,PSTL_CD_NF,,false
ECB,PSTL_CD_AQ,Subdomain for the postal code of PSTL_CD_AQ,STRNG,false,PSTL_CD_AQ,PSTL_CD_AQ,,false
ECB,PSTL_CD_VI,Subdomain for the postal code of PSTL_CD_VI,STRNG,false,PSTL_CD_VI,PSTL_CD_VI,,false
ECB,PSTL_CD_AM,Subdomain for the postal code of PSTL_CD_AM,STRNG,false,PSTL_CD_AM,PSTL_CD_AM,,false
ECB,PSTL_CD_AI,Subdomain for the postal code of PSTL_CD_AI,STRNG,false,PSTL_CD_AI,PSTL_CD_AI,,false
ECB,PSTL_CD_NR,Subdomain for the postal code of PSTL_CD_NR,STRNG,false,PSTL_CD_NR,PSTL_CD_NR,,false
ECB,PSTL_CD_SH,Subdomain for the postal code of PSTL_CD_SH,STRNG,false,PSTL_CD_SH,PSTL_CD_SH,,false
ECB,PSTL_CD_VA,Subdomain for the postal code of PSTL_CD_VA,STRNG,false,PSTL_CD_VA,PSTL_CD_VA,,false
ECB,PSTL_CD_SA,Subdomain for the postal code of PSTL_CD_SA,STRNG,false,PSTL_CD_SA,PSTL_CD_SA,,false
ECB,PSTL_CD_SE,Subdomain for the postal code of PSTL_CD_SE,STRNG,false,PSTL_CD_SE,PSTL_CD_SE,,false
ECB,PSTL_CD_AD,Subdomain for the postal code of PSTL_CD_AD,STRNG,false,PSTL_CD_AD,PSTL_CD_AD,,false
ECB,PSTL_CD_KZ,Subdomain for the postal code of PSTL_CD_KZ,STRNG,false,PSTL_CD_KZ,PSTL_CD_KZ,,false
ECB,PSTL_CD_SM,Subdomain for the postal code of PSTL_CD_SM,STRNG,false,PSTL_CD_SM,PSTL_CD_SM,,false
ECB,PSTL_CD_SI,Subdomain for the postal code of PSTL_CD_SI,STRNG,false,PSTL_CD_SI,PSTL_CD_SI,,false
ECB,PSTL_CD_KN,Subdomain for the postal code of PSTL_CD_KN,STRNG,false,PSTL_CD_KN,PSTL_CD_KN,,false
ECB,PSTL_CD_NC,Subdomain for the postal code of PSTL_CD_NC,STRNG,false,PSTL_CD_NC,PSTL_CD_NC,,false
ECB,STRNG_ID_6,String with 6 digits,STRNG,false,STRNG_ID_6,ID_6,,false
ECB,PSTL_CD_LC,Subdomain for the postal code of PSTL_CD_LC,STRNG,false,PSTL_CD_LC,PSTL_CD_LC,,false
ECB,PSTL_CD_GI,Subdomain for the postal code of PSTL_CD_GI,STRNG,false,PSTL_CD_GI,PSTL_CD_GI,,false
ECB,PSTL_CD_MS,Subdomain for the postal code of PSTL_CD_MS,STRNG,false,PSTL_CD_MS,PSTL_CD_MS,,false
ECB,PSTL_CD_BH,Subdomain for the postal code of PSTL_CD_BH,STRNG,false,PSTL_CD_BH,PSTL_CD_BH,,false
ECB,PSTL_CD_CX,Subdomain for the postal code of PSTL_CD_CX,STRNG,false,PSTL_CD_CX,PSTL_CD_CX,,false
ECB,PSTL_CD_IR,Subdomain for the postal code of PSTL_CD_IR,STRNG,false,PSTL_CD_IR,PSTL_CD_IR,,false
ECB,PSTL_CD_GU,Subdomain for the postal code of PSTL_CD_GU,STRNG,false,PSTL_CD_GU,PSTL_CD_GU,,false
ECB,PSTL_CD_FM,Subdomain for the postal code of PSTL_CD_FM,STRNG,false,PSTL_CD_FM,PSTL_CD_FM,,false
ECB,PSTL_CD_BN,Subdomain for the postal code of PSTL_CD_BN,STRNG,false,PSTL_CD_BN,PSTL_CD_BN,,false
ECB,PSTL_CD_CZ,Subdomain for the postal code of PSTL_CD_CZ,STRNG,false,PSTL_CD_CZ,PSTL_CD_CZ,,false
ECB,PSTL_CD_GG,Subdomain for the postal code of PSTL_CD_GG,STRNG,false,PSTL_CD_GG,PSTL_CD_GG,,false
ECB,PSTL_CD_HT,Subdomain for the postal code of PSTL_CD_HT,STRNG,false,PSTL_CD_HT,PSTL_CD_HT,,false
ECB,PSTL_CD_BB,Subdomain for the postal code of PSTL_CD_BB,STRNG,false,PSTL_CD_BB,PSTL_CD_BB,,false
ECB,PSTL_CD_MU,Subdomain for the postal code of PSTL_CD_MU,STRNG,false,PSTL_CD_MU,PSTL_CD_MU,,false
ECB,PSTL_CD_LU,Subdomain for the postal code of PSTL_CD_LU,STRNG,false,PSTL_CD_LU,PSTL_CD_LU,,false
ECB,PSTL_CD_BR,Subdomain for the postal code of PSTL_CD_BR,STRNG,false,PSTL_CD_BR,PSTL_CD_BR,,false
ECB,PSTL_CD_FK,Subdomain for the postal code of PSTL_CD_FK,STRNG,false,PSTL_CD_FK,PSTL_CD_FK,,false
ECB,PSTL_CD_PS,Subdomain for the postal code of PSTL_CD_PS,STRNG,false,PSTL_CD_PS,PSTL_CD_PS,,false
ECB,PSTL_CD_PW,Subdomain for the postal code of PSTL_CD_PW,STRNG,false,PSTL_CD_PW,PSTL_CD_PW,,false
ECB,PSTL_CD_GS,Subdomain for the postal code of PSTL_CD_GS,STRNG,false,PSTL_CD_GS,PSTL_CD_GS,,false
ECB,PSTL_CD_SK,Subdomain for the postal code of PSTL_CD_SK,STRNG,false,PSTL_CD_SK,PSTL_CD_SK,,false
ECB,PSTL_CD_NU,Subdomain for the postal code of PSTL_CD_NU,STRNG,false,PSTL_CD_NU,PSTL_CD_NU,,false
ECB,PSTL_CD_AZ,Subdomain for the postal code of PSTL_CD_AZ,STRNG,false,PSTL_CD_AZ,PSTL_CD_AZ,,false
ECB,PSTL_CD_JP,Subdomain for the postal code of PSTL_CD_JP,STRNG,false,PSTL_CD_JP,PSTL_CD_JP,,false
ECB,PSTL_CD_WF,Subdomain for the postal code of PSTL_CD_WF,STRNG,false,PSTL_CD_WF,PSTL_CD_WF,,false
ECB,PSTL_CD_AR,Subdomain for the postal code of PSTL_CD_AR,STRNG,false,PSTL_CD_AR,PSTL_CD_AR,,false
ECB,PSTL_CD_NL,Subdomain for the postal code of PSTL_CD_NL,STRNG,false,PSTL_CD_NL,PSTL_CD_NL,,false
ECB,PSTL_CD_SZ,Subdomain for the postal code of PSTL_CD_SZ,STRNG,false,PSTL_CD_SZ,PSTL_CD_SZ,,false
ECB,PSTL_CD_AS,Subdomain for the postal code of PSTL_CD_AS,STRNG,false,PSTL_CD_AS,PSTL_CD_AS,,false
ECB,PSTL_CD_KI,Subdomain for the postal code of PSTL_CD_KI,STRNG,false,PSTL_CD_KI,PSTL_CD_KI,,false
ECB,PSTL_CD_JM,Subdomain for the postal code of PSTL_CD_JM,STRNG,false,PSTL_CD_JM,PSTL_CD_JM,,false
ECB,PSTL_CD_VC,Subdomain for the postal code of PSTL_CD_VC,STRNG,false,PSTL_CD_VC,PSTL_CD_VC,,false
ECB,PSTL_CD_KY,Subdomain for the postal code of PSTL_CD_KY,STRNG,false,PSTL_CD_KY,PSTL_CD_KY,,false
ECB,PSTL_CD_WS,Subdomain for the postal code of PSTL_CD_WS,STRNG,false,PSTL_CD_WS,PSTL_CD_WS,,false
ECB,PSTL_CD_VG,Subdomain for the postal code of PSTL_CD_VG,STRNG,false,PSTL_CD_VG,PSTL_CD_VG,,false
ECB,PSTL_CD_JE,Subdomain for the postal code of PSTL_CD_JE,STRNG,false,PSTL_CD_JE,PSTL_CD_JE,,false
ECB,PSTL_CD_LT,Subdomain for the postal code of PSTL_CD_LT,STRNG,false,PSTL_CD_LT,PSTL_CD_LT,,false
ECB,PSTL_CD_HM,Subdomain for the postal code of PSTL_CD_HM,STRNG,false,PSTL_CD_HM,PSTL_CD_HM,,false
ECB,PSTL_CD_TC,Subdomain for the postal code of PSTL_CD_TC,STRNG,false,PSTL_CD_TC,PSTL_CD_TC,,false
ECB,PSTL_CD_CC,Subdomain for the postal code of PSTL_CD_CC,STRNG,false,PSTL_CD_CC,PSTL_CD_CC,,false
ECB,PSTL_CD_MD,Subdomain for the postal code of PSTL_CD_MD,STRNG,false,PSTL_CD_MD,PSTL_CD_MD,,false
ECB,PSTL_CD_US,Subdomain for the postal code of PSTL_CD_US,STRNG,false,PSTL_CD_US,PSTL_CD_US,,false
ECB,PSTL_CD_GR,Subdomain for the postal code of PSTL_CD_GR,STRNG,false,PSTL_CD_GR,PSTL_CD_GR,,false
ECB,PSTL_CD_MH,Subdomain for the postal code of PSTL_CD_MH,STRNG,false,PSTL_CD_MH,PSTL_CD_MH,,false
ECB,PSTL_CD_GB,Subdomain for the postal code of PSTL_CD_GB,STRNG,false,PSTL_CD_GB,PSTL_CD_GB,,false
ECB,PSTL_CD_PF,Subdomain for the postal code of PSTL_CD_PF,STRNG,false,PSTL_CD_PF,PSTL_CD_PF,,false
ECB,PSTL_CD_TW,Subdomain for the postal code of PSTL_CD_TW,STRNG,false,PSTL_CD_TW,PSTL_CD_TW,,false
ECB,PSTL_CD_PN,Subdomain for the postal code of PSTL_CD_PN,STRNG,false,PSTL_CD_PN,PSTL_CD_PN,,false
ECB,PSTL_CD_MT,Subdomain for the postal code of PSTL_CD_MT,STRNG,false,PSTL_CD_MT,PSTL_CD_MT,,false
ECB,PSTL_CD_IM,Subdomain for the postal code of PSTL_CD_IM,STRNG,false,PSTL_CD_IM,PSTL_CD_IM,,false
ECB,PSTL_CD_MP,Subdomain for the postal code of PSTL_CD_MP,STRNG,false,PSTL_CD_MP,PSTL_CD_MP,,false
ECB,PSTL_CD_OPN,"Subdomain for the postal code of countries where no postal code format is in place (for example, when no postal code system is in use in a country altogether or there’s uncertainty about the actual format).",STRNG,false,PSTL_CD_OPN,PSTL_CD_OPN,"Subdomain for the postal code of countries where no postal code format is in place (for example, when no postal code system is in use in a country altogether or there’s uncertainty about the actual format).",false
ECB,STRNG_ID_7_5D,"String starting with 7, followed by 5 digits.",STRNG,false,STRNG_ID_7_5D,ID_7_5D,"String starting with 7, followed by 5 digits.",false
ECB,STRNG_ID_39_2D,"String starting with 39, followed by 2 digits.",STRNG,false,STRNG_ID_39_2D,ID_39_2D,"String starting with 39, followed by 2 digits.",false
ECB,STRNG_ID_1D_5D,"String starting with a non-zero digit, followed by 5 digits.",STRNG,false,STRNG_ID_1D_5D,ID_1D_5D,"String starting with a non-zero digit, followed by 5 digits.",false
ECB,STRNG_ID_1D_2D,"String starting with a non-zero digit, followed by 2 digits.",STRNG,false,STRNG_ID_1D_2D,ID_1D_2D,"String starting with a non-zero digit, followed by 2 digits.",false
ECB,STRNG_ID_1D_3D,"String starting with a non-zero digit, followed by 3 digits.",STRNG,false,STRNG_ID_1D_3D,ID_1D_3D,"String starting with a non-zero digit, followed by 3 digits.",false
ECB,STRNG_NMRC_ID_3,String numeric with 3 digits,STRNG,false,STRNG_NMRC_ID_3,ID_3,,false
ECB,STRNG_NMRC_ID_7,String numeric with 7 digits,STRNG,false,STRNG_NMRC_ID_7,ID_7,,false
ECB,STRNG_NMRC_ID_5,String numeric with 5 digits,STRNG,false,STRNG_NMRC_ID_5,ID_5,,false
ECB,STRNG_NMRC_ID_4,String numeric with 4 digits,STRNG,false,STRNG_NMRC_ID_4,ID_4,,false
ECB,STRNG_LTN_EXT_255,String up to 255 characters - latin extended,STRNG,false,STRNG_LTN_EXT_255,LTN_EXT_255,,false
ECB,STRNG_NMRC_ID_5_TO_6,String numeric from 5 to 6 digits,STRNG,false,STRNG_NMRC_ID_5_TO_6,ID_5_TO_6,String numeric from 5 to 6 digits,false
ECB,STRNG_NMRC_ID_1_TO_8_4D,"String starting with a digit from 1 to 8, followed by 4 digits.",STRNG,false,STRNG_NMRC_ID_1_TO_8_4D,ID_1_TO_8_4D,"String starting with a digit from 1 to 8, followed by 4 digits.",false
ECB,STRNG_NMRC_ID_1_TO_8_3D,"String starting with a digit from 1 to 8, followed by 3 digits.",STRNG,false,STRNG_NMRC_ID_1_TO_8_3D,ID_1_TO_8_3D,"String starting with a digit from 1 to 8, followed by 3 digits.",false
ECB,STRNG_NMRC_ID_1_TO_5_4D,"String starting with a digit from 1 to 5, followed by 4 digits.",STRNG,false,STRNG_NMRC_ID_1_TO_5_4D,ID_1_TO_5_4D,"String starting with a digit from 1 to 5, followed by 4 digits.",false
ECB,ISO4217,Subdomain for domain ISO-4217 Currency Codes (ISO4217 Domain),CRRNCY,true,ISO4217,,Subdomain for domain ISO-4217 Currency Codes (ISO4217 Domain),false
ECB,RL_ALL_6D,Real numbers positive or negative with 6 decimals,RL,false,RL_ALL_6D,ALL_6D,Real numbers positive or negative with 6 decimals,false
ECB,RL_0TO1_6D,Real numbers from 0 to 1 with 6 decimals,RL,false,RL_0TO1_6D,0TO1_6D,Real numbers from 0 to 1 with 6 decimals,false
ECB,NEVS_CLLCTN,Non-enumerated value status collection subdomain,NEVS,true,NEVS_CLLCTN,,Non-enumerated value status collection subdomain,false
ECB,STRNG_ID_20,Alpha-numeric string (only capitals) of up to 20 characters and dashes,STRNG,false,STRNG_ID_20,ID_20,"Used in reporting real estate collateral location: if a postal code is available ""XX-postal code""; otherwise if NUTS3 is in use ""XX-NUTS3"", otherwise ""XX"", where XX stands for the two-digit ISO code of the country",false
ECB,MNTRY_ALL_2D,Positive and negative monetary amounts with 2 decimals,MNTRY,false,MNTRY_ALL_2D,ALL_2D,Positive and negative monetary amounts with 2 decimals,false
ECB,ENTTY_RL_ANCRDT,AnaCredit Entity Role,ENTTY_RL,true,ENTTY_RL_ANCRDT,,AnaCredit Entity Role,false
ECB,MNTRY_NN_NGTV_2D,Non negative monetary amounts with 2 decimals,MNTRY,false,MNTRY_NN_NGTV_2D,NN_NGTV_2D,Non negative monetary amounts with 2 decimals,false
ECB,DT_FLL_YYYY_MM_DD,All possible dates YYYY-MM-DD,DT,false,DT_FLL_YYYY_MM_DD,FLL_YYYY_MM_DD,All possible dates YYYY-MM-DD,false
ECB,RCRS_ANCRDT_CLLCTN,AnaCredit - ECB collection,RCRS,true,RCRS_ANCRDT_CLLCTN,,AnaCredit - ECB collection,false
ECB,PRPS_ANCRDT_CLLCTN,AnaCredit - ECB collection,PRPS,true,PRPS_ANCRDT_CLLCTN,,AnaCredit - ECB collection,false
ECB,NUTS3_ANCRDT_CLLCTN,Anacredit subdomain for NUTS codes level 3,GGRPHCL_ARS,true,NUTS3_ANCRDT_CLLCTN,,Disjoint NUTS codes at level 3. Used by AnaCredit collection cubes.,true
ECB,FDCRY_ANCRDT_CLLCTN,AnaCredit - ECB collection,FDCRY,true,FDCRY_ANCRDT_CLLCTN,,AnaCredit - ECB collection,false
ECB,STRNG_RSTRCTD_ID_50,"String up to 50 characters except spaces, with restrictions",STRNG,false,STRNG_RSTRCTD_ID_50,RSTRCTD_ID_50,"String up to 50 characters except spaces, with restrictions",false
ECB,NEVS_CLLCTN_WTHT_NA,Non-enumerated value status collection subdomain,NEVS,true,NEVS_CLLCTN_WTHT_NA,,Non-enumerated value status collection subdomain,false
ECB,STRNG_RSTRCTD_ID_60,"String up to 60 characters of the Basic Latin block, including (non-leading and non-trailing) spaces",STRNG,false,STRNG_RSTRCTD_ID_60,RSTRCTD_ID_60,"String up to 60 characters of the Basic Latin block, including (non-leading and non-trailing) spaces",false
ECB,DT_END_QRTR_YYYY_MM_DD,All last days of quarters - YYYY-MM,DT,false,DT_END_QRTR_YYYY_MM_DD,END_QRTR_YYYY_MM_DD,All last days of quarters - YYYY-MM,false
ECB,ISO3166_DSJNT_C_CLLCTN,ISO-3166 Country Codes (disjoint) for staging cubes,GGRPHCL_ARS,true,ISO3166_DSJNT_C_CLLCTN,,ISO 3166 Country codes excluding the codes belonging to countries that belong to other countries. For  collection cubes.,false
ECB,RFRNC_RT_ANCRDT_CLLCTN,AnaCredit - ECB collection,RFRNC_RT,true,RFRNC_RT_ANCRDT_CLLCTN,,AnaCredit - ECB collection,false
ECB,DT_END_MNTH_YYYY_MM_DD,All last days of months - YYYY-MM,DT,false,DT_END_MNTH_YYYY_MM_DD,END_MNTH_YYYY_MM_DD,All last days of months - YYYY-MM,false
ECB,TYP_TRNSFR_ANCRDT_CLLCTN,AnaCredit - ECB collection,TYP_TRNSFR,true,TYP_TRNSFR_ANCRDT_CLLCTN,,AnaCredit - ECB collection,false
ECB,TYP_PRTCTN_ANCRDT_CLLCTN,AnaCredit - ECB collection,TYP_PRTCTN,true,TYP_PRTCTN_ANCRDT_CLLCTN,,AnaCredit - ECB collection,false
ECB,SBRDNTD_DBT_ANCRDT_CLLCTN,AnaCredit - ECB collection,SBRDNTD_DBT,true,SBRDNTD_DBT_ANCRDT_CLLCTN,,AnaCredit - ECB collection,false
ECB,FRBRNC_STTS_ANCRDT_CLLCTN,AnaCredit - ECB collection,FRBRNC_STTS,true,FRBRNC_STTS_ANCRDT_CLLCTN,,AnaCredit - ECB collection,false
ECB,TYP_AMRTSTN_ANCRDT_CLLCTN,AnaCredit - ECB collection,TYP_AMRTSTN,true,TYP_AMRTSTN_ANCRDT_CLLCTN,,AnaCredit - ECB collection,false
ECB,RCGNTN_STTS_ANCRDT_CLLCTN,AnaCredit - ECB collection,RCGNTN_STTS,true,RCGNTN_STTS_ANCRDT_CLLCTN,,AnaCredit - ECB collection,false
ECB,PRDNTL_PRTFL_ANCRDT_CLLCTN,AnaCredit - ECB collection,PRDNTL_PRTFL,true,PRDNTL_PRTFL_ANCRDT_CLLCTN,,AnaCredit - ECB collection,false
ECB,FRQNCY_PYMNT_ANCRDT_CLLCTN,AnaCredit Payment frequency,FRQNCY,true,FRQNCY_PYMNT_ANCRDT_CLLCTN,,AnaCredit Payment frequency,false
ECB,RPYMNT_RGHTS_ANCRDT_CLLCTN,AnaCredit - ECB collection,RPYMNT_RGHTS,true,RPYMNT_RGHTS_ANCRDT_CLLCTN,,AnaCredit - ECB collection,false
ECB,TYP_INSTRMNT_ANCRDT_CLLCTN,AnaCredit - ECB collection,TYP_INSTRMNT,true,TYP_INSTRMNT_ANCRDT_CLLCTN,,AnaCredit - ECB collection,false
ECB,SRC_ENCMBRNC_ANCRDT_CLLCTN,AnaCredit - ECB collection,SRC_ENCMBRNC,true,SRC_ENCMBRNC_ANCRDT_CLLCTN,,AnaCredit - ECB collection,false
ECB,PRJCT_FNNC_LN_ANCRDT_CLLCTN,AnaCredit - ECB collection,PRJCT_FNNC_LN,true,PRJCT_FNNC_LN_ANCRDT_CLLCTN,,AnaCredit - ECB collection,false
ECB,TYP_PRTCTN_VL_ANCRDT_CLLCTN,AnaCredit - ECB collection,TYP_PRTCTN_VL,true,TYP_PRTCTN_VL_ANCRDT_CLLCTN,,AnaCredit - ECB collection,false
ECB,TYP_INTRST_RT_ANCRDT_CLLCTN,AnaCredit - ECB collection,TYP_INTRST_RT,true,TYP_INTRST_RT_ANCRDT_CLLCTN,,AnaCredit - ECB collection,false
ECB,ACCNTNG_CLSSFCTN_ANCRDT_CLLCTN,AnaCredit - ECB collection,ACCNTNG_CLSSFCTN,true,ACCNTNG_CLSSFCTN_ANCRDT_CLLCTN,,AnaCredit - ECB collection,false
ECB,PRTCTN_VLTN_APPRCH_ANCRDT_CLLCTN,AnaCredit - ECB collection,PRTCTN_VLTN_APPRCH,true,PRTCTN_VLTN_APPRCH_ANCRDT_CLLCTN,,AnaCredit - ECB collection,false
ECB,CRDT_QLTY_DFLT_STTS_ANCRDT_CLLCTN,AnaCredit collection Default status,CRDT_QLTY,true,CRDT_QLTY_DFLT_STTS_ANCRDT_CLLCTN,,AnaCredit collection Default status,false
ECB,FRQNCY_INTRST_RT_RST_ANCRDT_CLLCTN,AnaCredit Interest rate reset frequency,FRQNCY,true,FRQNCY_INTRST_RT_RST_ANCRDT_CLLCTN,,AnaCredit Interest rate reset frequency,false
ECB,IMPRMNT_ASSSSMNT_MTHD_ANCRDT_CLLCTN,AnaCredit - ECB collection,IMPRMNT_ASSSSMNT_MTHD,true,IMPRMNT_ASSSSMNT_MTHD_ANCRDT_CLLCTN,,AnaCredit - ECB collection,false
ECB,CRDT_QLTY_PRFRMNG_STTS_ANCRDT_CLLCTN,Subdomain for the members of CreQua in Ana Credit  for instrument,CRDT_QLTY,true,CRDT_QLTY_PRFRMNG_STTS_ANCRDT_CLLCTN,,Subdomain for the members of CreQua in Ana Credit  for instrument,false
ECB,CRDT_QLTY_IMPRMNT_STTS_ANCRDT_CLLCTN,AnaCredit collection Impairment status,CRDT_QLTY,true,CRDT_QLTY_IMPRMNT_STTS_ANCRDT_CLLCTN,,AnaCredit collection Impairment status,false