MAINTENANCE_AGENCY_ID,VARIABLE_ID,CODE,NAME,DOMAIN_ID,DESCRIPTION,PRIMARY_CONCEPT,IS_DECOMPOSED
ECB,PD,PD,Probability of default,RL,"The counterparty’s probability of default over one year determined in accordance with Articles 160, 163, 179 and 180 of Regulation (EU) No 575/2013.",,
ECB,NEVS,NEVS,Null explanatory values,NEVS,"Indicates the reasons for null values of variables (for instance, whether a null value in the staging area corresponds to a real null (i.e. the reporting agent has not reported any value) or to an error (i.e. the reporting agent reported",,
ECB,RCRS,RCRS,Exposure with recourse,RCRS,Classification of instruments based on the creditor’s rights to seize assets other than any protection pledged to secure the instrument.,,
ECB,PRPS,PRPS,Purpose,PRPS,Classification of instruments according to their purpose.,,
ECB,ARRRS,ARRRS,Arrears for the instrument,MNTRY,"Aggregate amount of principal, interest and any fee payment outstanding at the reporting date, which is contractually due and has not been paid (past due). This amount is always to be reported. '0' is to be reported if the instrument was not past due on the reporting date.",,
ECB,FDCRY,FDCRY,Fiduciary instrument,FDCRY,Identification of instruments in which the observed agent acts in its own name but on behalf of and with the risk borne by a third party.,,
ECB,DT_PST_D,DT_PST_D,Date of past due,DT,The date on which the instrument became past due in accordance with Part 2.48 of Annex V to Implementing Regulation (EU) No 680/2014. This is the latest such date prior to the reporting reference date and it is to be reported if the instrument is past due on the reporting reference date.,,
ECB,ENTTY_RL,ENTTY_RL,Entity role,ENTTY_RL,Role of the counterparties in an instrument.,,
ECB,DT_RFRNC,DT_RFRNC,Reference date,DT,"Reporting agents shall report credit data as recorded on the following reporting reference dates: (a) for monthly transmissions, on the last day of each month; (b) for quarterly transmissions, on the last day of March, June, September and December.",,
ECB,RFRNC_RT,RFRNC_RT,Reference rate,RFRNC_RT,Reference rate used for the calculation of the actual interest rate.,,
ECB,DT_INCPTN,DT_INCPTN,Inception date,DT,"The date on which the current contractual relationship originated, i.e. the date on which the contract agreement became binding for all parties.",,
ECB,PRTCTN_ID,PRTCTN_ID,Protection identifier,STRNG,An identifier applied by the reporting agent to uniquely identify each protection used to secure the instrument. Each protection must have one protection identifier. This value will not change over time and cannot be used as the protection identifier for any other protection.,ID,
ECB,PRTCTN_VL,PRTCTN_VL,Protection value,MNTRY,The amount of the protection value as established for the relevant ‘Type of protection value’ following the valuation approach.,,
ECB,DFLT_STTS,DFLT_STTS,Default status,CRDT_QLTY,Identification of the default status of the instrument or entity. Categories describing the situations in which an instrument or entity can be described as being at default in accordance with Article 178 of Regulation (EU) No 575/2013.,,
ECB,CNTRCT_ID,CNTRCT_ID,Contract identifier,STRNG,An identifier applied by the reporting agent to uniquely identify each contract. Each contract must have one contract identifier. This value will not change over time and cannot be used as the contract identifier for any other contract.,ID,
ECB,DT_STTLMNT,DT_STTLMNT,Settlement date,DT,"The date on which the conditions specified in the contract are or can be executed for the first time, i.e. the date on which financial instruments are initially exchanged or created.",,
ECB,TYP_PRTCTN,TYP_PRTCTN,Type of protection,TYP_PRTCTN,"Type of protection received, irrespective of its eligibility for credit risk mitigation.",,
ECB,RECL_CNTRY,RECL_CNTRY,Country where the collateral is located.,GGRPHCL_ARS,Country where the collateral is located.,,
ECB,INSTRMNT_ID,INSTRMNT_ID,Instrument identifier,STRNG,An identifier applied by the reporting agent to uniquely identify each instrument under a single contract. Each instrument must have one instrument identifier. This value will not change over time and cannot be used as the instrument identifier for any other instrument under the same contract.,ID,
ECB,CRRYNG_AMNT,CRRYNG_AMNT,Carrying amount,MNTRY,The carrying amount in accordance with Annex V to Implementing Regulation (EU) No 680/2014.,,
ECB,TYP_AMRTSTN,TYP_AMRTSTN,Type of amortisation,TYP_AMRTSTN,Type of amortisation of the instrument including principal and interest,,
ECB,RCGNTN_STTS,RCGNTN_STTS,Recognition,RCGNTN_STTS,Balance sheet recognition of the financial asset.,,
ECB,SBRDNTD_DBT,SBRDNTD_DBT,Subordinated debt,SBRDNTD_DBT,Identification of subordinated debt. Subordinated debt instruments provide a subsidiary claim on the issuing institution that can only be exercised after all claims with a higher status (e.g. deposits/loans) have been satisfied.,,
ECB,TYP_SCRTSTN,TYP_SCRTSTN,Type of securitisation,TYP_TRNSFR,"Identification of the securitisation type, in accordance with Article 242(10) and (11) of Regulation (EU) No 575/2013.",,
ECB,FRBRNC_STTS,FRBRNC_STTS,Forbearance and renegotiation status,FRBRNC_STTS,Identification of forborne and renegotiated instruments.,,
ECB,TYP_INSTRMNT,TYP_INSTRMNT,Type of instrument,TYP_INSTRMNT,Classification of the instrument according to the type of contractual terms agreed between the parties.,,
ECB,PRFRMNG_STTS,PRFRMNG_STTS,Performing status,CRDT_QLTY,Performing status in accordance with Implementing Regulation (EU) No 680/2014.,,
ECB,IMPRMNT_STTS,IMPRMNT_STTS,Impairment status,CRDT_QLTY,Type of impairment recorded in accordance with the accounting standard – IFRS or national GAAP.,,
ECB,SRC_ENCMBRNC,SRC_ENCMBRNC,Source of encumbrance,SRC_ENCMBRNC,"Type of transaction in which the exposure is encumbered in accordance with Implementing Regulation (EU) No 680/2014. An asset will be treated as encumbered if it has been pledged or if it is subject to any form of arrangement to secure, collateralise or credit enhance any instrument from which it cannot be freely withdrawn.",,
ECB,PYMNT_FRQNCY,PYMNT_FRQNCY,Payment frequency,FRQNCY,"Frequency of payments due, either of principal or interest, i.e. number of months between payments.",FRQNCY,
ECB,DT_DFLT_STTS,DT_DFLT_STTS,Date of default status,DT,The date on which the default status is considered to have arisen.,,
ECB,INTRST_RT_CP,INTRST_RT_CP,Interest rate cap,RL,Maximum value for the interest rate charged.,,
ECB,PRDNTL_PRTFL,PRDNTL_PRTFL,Prudential portfolio,PRDNTL_PRTFL,Classification of exposures in the trading book as defined in Article 4(1)(86) of Regulation (EU) No 575/2013.,,
ECB,DT_PRTCTN_VL,DT_PRTCTN_VL,Date of protection value,DT,The date on which the latest appraisal or valuation of the protection was carried out prior to the reporting reference date.,,
ECB,RECL_PSTL_CD,RECL_PSTL_CD,Postal code where the collateral is located.,STRNG,Postal code where the collateral is located.,PSTL_CD,
ECB,RPYMNT_RGHTS,RPYMNT_RGHTS,Repayment rights,RPYMNT_RGHTS,Classification of credit exposures according to the creditor's rights to claim the repayment of the exposure. On demand or at short notice,,
ECB,ACCRD_INTRST,ACCRD_INTRST,Accrued interest (accounting),MNTRY,"The amount of accrued interest on loans at the reporting reference date as defined in Regulation (EU) No 1071/2013 (ECB/2013/33). In accordance with the general principle of accruals accounting, interest receivable on instruments should be subject to on-balance sheet recording as it accrues (i.e. on an accruals basis) rather than when it is actually received (i.e. on a cash basis).",,
ECB,CRRNCY_DNMNTN,CRRNCY_DNMNTN,Currency denomination of instruments,CRRNCY,"Currency denomination of instruments, in accordance with the ISO’s 4217 standard",,
ECB,TYP_PRTCTN_VL,TYP_PRTCTN_VL,Type of protection value,TYP_PRTCTN_VL,Identification of the type of the protection value.,,
ECB,TYP_INTRST_RT,TYP_INTRST_RT,Type of interest rate,TYP_INTRST_RT,Classification of credit exposures based on the base rate for establishing the interest rate for each payment period.,,
ECB,INTRST_RT_FLR,INTRST_RT_FLR,Interest rate floor,RL,Minimum value for the interest rate charged.,,
ECB,ENTTY_RIAD_CD,ENTTY_RIAD_CD,Entity RIAD code,STRNG,"The RIAD code is an alphanumeric code assigned to each entity recorded in RIAD. The RIAD code is exclusive, meaning that the same RIAD code cannot be allocated to more than one entity (even at different points in time), and is unique, meaning that a given entity has only one RIAD code. It is the responsibility of each NCB, for respective (resident) entities, to ensure that all entities with an official RIAD code represent distinct real world entities (unique identification).",,
ECB,TRNSFRRD_AMNT,TRNSFRRD_AMNT,Transferred amount,MNTRY,Transferred amount of the economic ownership of the financial asset.,,
ECB,PRJCT_FNNC_LN,PRJCT_FNNC_LN,Project finance loan,PRJCT_FNNC_LN,Identification of project finance to identify in case of a project finance loan in accordance with Implementing Regulation (EU) No 680/2014.,,
ECB,ANNLSD_AGRD_RT,ANNLSD_AGRD_RT,Interest rate,RL,Annualised agreed rate or narrowly defined interest rate in accordance with Regulation (EU) No 1072/2013 of the European Central Bank (ECB/2013/34).,,
ECB,INTRST_RT_SPRD,INTRST_RT_SPRD,Interest rate spread / margin,RL,Margin or spread (expressed as a percentage) to add to the reference rate that is used for the calculation of the interest rate in basis points.,,
ECB,OBSRVD_AGNT_CD,OBSRVD_AGNT_CD,Observed agent identifier (identifier type: RIAD internal identifier),STRNG,RIAD code of the observed agent,ENTTY_RIAD_CD,
ECB,CMMTMNT_INCPTN,CMMTMNT_INCPTN,Commitment amount at inception,MNTRY,"Observed agent's maximum exposure to credit risk on the inception date of the instrument, without taking into account any protection held or other credit enhancements. Total commitment amount on the inception date is established during the approval process and is intended to restrict an observed agent's amount of credit risk to a given counterparty for the relevant instrument.",,
ECB,ACCMLTD_WRTFFS,ACCMLTD_WRTFFS,Accumulated write-offs,MNTRY,"Cumulative amount of principal and past due interest of any debt instrument that the institution is no longer recognising because they are considered uncollectible, independently of the portfolio in which they were included. Write-offs could be caused both by reductions in the carrying amount of financial assets recognised directly in profit or loss and by reductions in the amounts of the allowance accounts for credit losses set off
against the carrying amount of financial assets.",,
ECB,JNT_LBLTY_AMNT,JNT_LBLTY_AMNT,Joint liability amount,MNTRY,Outstanding nominal amount for which each debtor is liable in relation to a single instrument where there are two or more debtors.,,
ECB,DT_FRBRNC_STTS,DT_FRBRNC_STTS,Date of forbearance and renegotiation status,DT,The date on which a forbearance or renegotiation status as reported under 'status of forbearance and renegotiation' is considered to have occurred.,,
ECB,ACCMLTD_IMPRMNT,ACCMLTD_IMPRMNT,Accumulated impairment,MNTRY,"The amount of loss allowances that are held against or are allocated to the instrument on the reporting reference date. This data attribute applies to instruments subject to impairment under the applied accounting standard. Under IFRS, the accumulated impairment relates to the following
amounts:
(i) loss allowance at an amount equal to 12-month expected
credit losses;
(ii) loss allowance at an amount equal to lifetime expected
credit losses.
Under GAAP, the accumulated impairment relates to the following
amounts:
(i) loss allowance at an amount equal to general allowances;
(ii) loss allowance at an amount equal to specific allowances.",,
ECB,ORGNL_PRTCTN_VL,ORGNL_PRTCTN_VL,Original protection value,MNTRY,The protection’s fair value at the date when it was originally received as a credit protection.,,
ECB,DT_PRFRMNG_STTS,DT_PRFRMNG_STTS,Date of the performing status of the instrument,DT,The date on which the performing status is considered to have been established or changed.,,
ECB,PRTCTN_PRVDR_CD,PRTCTN_PRVDR_CD,Protection provider identifier (identifier type: RIAD code),STRNG,"RIAD code of the protection provider. If the protection provider is not a legal entity, the protection provider identifier is not required to be reported.",ENTTY_RIAD_CD,
ECB,DT_MTRTY_PRTCTN,DT_MTRTY_PRTCTN,Maturity date of the protection,DT,"The contractual maturity date of the protection, which is the earliest date at which the protection may terminate or be terminated, taking into account any agreements amending initial contracts.",,
ECB,RECL_TRRTRL_UNT,RECL_TRRTRL_UNT,Region where the collateral is located.,GGRPHCL_ARS,Region where the collateral is located.,,
ECB,DT_LGL_FNL_MTRTY,DT_LGL_FNL_MTRTY,Legal final maturity date,DT,"The contractual maturity date of the instrument, taking into account any agreements amending initial contracts.",,
ECB,PRTCTN_ALLCTD_VL,PRTCTN_ALLCTD_VL,Protection allocated value,MNTRY,"The maximum amount of the protection value that can be considered as credit protection for the instrument. The amount of the existing third parties or observed agent priority claims against the protection must be excluded in the protection allocated value. For protections that is eligible under Regulation (EU) No 575/2013, this value should be reported in accordance with Part 2 of Annex V to Implementing Regulation (EU) No 680/2014.",,
ECB,ACCNTNG_CLSSFCTN,ACCNTNG_CLSSFCTN,Accounting classification,ACCNTNG_CLSSFCTN,Accounting portfolio where the instrument is recorded in accordance with the accounting standard – IFRS or national GAAP –under Regulation (EU) 2015/534 (ECB/2015/13) applied by the observed agent's legal entity.,,
ECB,SYNDCTD_CNTRCT_ID,SYNDCTD_CNTRCT_ID,Syndicated contract identifier,STRNG,'Contract identifier' applied by the lead arranger of the syndicated contract to uniquely identify each contract. Each syndicated contract will have one 'syndicated contract identifier'. This value will not change over time and cannot be used by the lead arranger as the contract identifier for any other contract. All creditors participating in the syndicated contract must use the same 'syndicated contract identifier'.,,
ECB,OFF_BLNC_SHT_AMNT,OFF_BLNC_SHT_AMNT,Off-balance sheet amount,MNTRY,Total nominal amount of off-balance sheet exposures. This includes any commitment to lend before considering conversion factors and credit risk mitigation techniques. It is the amount that best represents the institution's maximum exposure to credit risk without taking into account any protection held or other credit enhancements.,,
ECB,DT_ORGNL_PRTCTN_VL,DT_ORGNL_PRTCTN_VL,Date of original protection value,DT,"The date of the protection’s original value, i.e. the date on which the latest appraisal or valuation of the protection was carried out prior to its initial receipt as a credit protection.",,
ECB,DT_END_INTRST_ONLY,DT_END_INTRST_ONLY,End date of the interest-only period,DT,"The date on which the interest-only period ends. Interest-only is an instrument for which, for a contractually set period, only the interest on the principal balance is paid, with the principal balance remaining unchanged.",,
ECB,OTSTNDNG_NMNL_AMNT,OTSTNDNG_NMNL_AMNT,Outstanding nominal amount,MNTRY,"Principal amount outstanding at the end of the reporting reference date, including unpaid past due interest but excluding accrued interest. The outstanding nominal amount must be reported net of write-offs and write-downs as determined by the relevant accounting practices.",,
ECB,PRTCTN_VLTN_APPRCH,PRTCTN_VLTN_APPRCH,Protection valuation approach,PRTCTN_VLTN_APPRCH,Type of protection valuation; method used to determine the protection value.,,
ECB,RL_ESTT_CLLTRL_LCTN,RL_ESTT_CLLTRL_LCTN,Real estate collateral location,STRNG,Region or country where the collateral is located.,,
ECB,PRVSNS_OFF_BLNC_SHT,PRVSNS_OFF_BLNC_SHT,Provisions associated with off-balance sheet exposures,MNTRY,The amount of provisions for off-balance sheet amounts.,,
ECB,ACCMLTD_CHNGS_FV_CR,ACCMLTD_CHNGS_FV_CR,Accumulated changes in fair value due to credit risk,MNTRY,Accumulated changes in fair value due to credit risk in accordance with Part 2.46 of Annex V to Implementing Regulation (EU) No 680/2014.,ACCMLTD_CHNGS_FV,
ECB,THRD_PRTY_PRRTY_CLMS,THRD_PRTY_PRRTY_CLMS,Third party priority claims against the protection ,MNTRY,The maximum amount of any existing higher ranked liens with respect to third parties other than the observed agent against the protection.,,
ECB,DT_NXT_INTRST_RT_RST,DT_NXT_INTRST_RT_RST,Next interest rate reset date,DT,"The date that the next interest rate reset, as defined in Part 3 of Annex I to Regulation (EU) No 1071/2013 (ECB/2013/33), takes place. If the instrument is not subject to a future interest rate reset, its legal final maturity date will be reported.",,
ECB,CMLTV_RCVRS_SNC_DFLT,CMLTV_RCVRS_SNC_DFLT,Cumulative recoveries since default,MNTRY,The total amount recovered since the date of default.,,
ECB,INTRST_RT_RST_FRQNCY,INTRST_RT_RST_FRQNCY,Interest rate reset frequency,FRQNCY,"Frequency at which the interest rate is reset after the initial fixed-rate period, if any.",,
ECB,FV_CHNG_CR_BFR_PRCHS,FV_CHNG_CR_BFR_PRCHS,Fair value changes due to changes in credit risk before purchase,MNTRY,The difference between the outstanding nominal amount and the purchase price of the instrument at the purchase date. This amount should be reported for instruments purchased for an amount lower than the outstanding amount due to credit risk deterioration.,,
ECB,IMPRMNT_ASSSSMNT_MTHD,IMPRMNT_ASSSSMNT_MTHD,Impairment assessment method,IMPRMNT_ASSSSMNT_MTHD,"The method by which the impairment is assessed, if the instrument is subject to impairment in accordance with applied accounting standards. Collective and individual methods are distinguished.",,
ECB,PSTL_CD_IS,PSTL_CD_IS,Postal code - Iceland,STRNG,Póstnúmer,PSTL_CD,
ECB,PSTL_CD_CM,PSTL_CD_CM,Postal code - Cameroon,STRNG,,PSTL_CD,
ECB,PSTL_CD_GT,PSTL_CD_GT,Postal code - Guatemala,STRNG,Código postal,PSTL_CD,
ECB,PSTL_CD_BY,PSTL_CD_BY,Postal code - Belarus,STRNG,Индекс,PSTL_CD,
ECB,PSTL_CD_TM,PSTL_CD_TM,Postal code - Turkmenistan,STRNG,Почтовый индекс,PSTL_CD,
ECB,PSTL_CD_PT,PSTL_CD_PT,Postal code - Portugal,STRNG,Código postal,PSTL_CD,
ECB,PSTL_CD_MN,PSTL_CD_MN,Postal code - Mongolia,STRNG,Zipcode,PSTL_CD,
ECB,PSTL_CD_CI,PSTL_CD_CI,Postal code - Cote d'Ivoire,STRNG,,PSTL_CD,
ECB,PSTL_CD_UY,PSTL_CD_UY,Postal code - Uruguay,STRNG,Código postal,PSTL_CD,
ECB,PSTL_CD_CA,PSTL_CD_CA,Postal code - Canada,STRNG,Post code,PSTL_CD,
ECB,PSTL_CD_LR,PSTL_CD_LR,Postal code - Liberia,STRNG,Postal code,PSTL_CD,
ECB,PSTL_CD_HK,PSTL_CD_HK,Postal code - Hong Kong,STRNG,郵政編碼,PSTL_CD,
ECB,PSTL_CD_LV,PSTL_CD_LV,Postal code - Latvia,STRNG,Pasta indekss,PSTL_CD,
ECB,PSTL_CD_BQ,PSTL_CD_BQ,"Postal code - Bonaire, Saint Eustatius and Saba",STRNG,,PSTL_CD,
ECB,PSTL_CD_PH,PSTL_CD_PH,Postal code - Philippines (the),STRNG,Zipcode,PSTL_CD,
ECB,PSTL_CD_BA,PSTL_CD_BA,Postal code - Bosnia and Herzegovina,STRNG,Poštanski broj,PSTL_CD,
ECB,PSTL_CD_MR,PSTL_CD_MR,Postal code - Mauritania,STRNG,,PSTL_CD,
ECB,PSTL_CD_GL,PSTL_CD_GL,Postal code - Greenland,STRNG,Postnummer (DK),PSTL_CD,
ECB,PSTL_CD_CU,PSTL_CD_CU,Postal code - Cuba,STRNG,Código postal,PSTL_CD,
ECB,PSTL_CD_UA,PSTL_CD_UA,Postal code - Ukraine,STRNG,Поштовий індекс,PSTL_CD,
ECB,PSTL_CD_IO,PSTL_CD_IO,Postal code - British Indian Ocean Territory (the),STRNG,Postcode,PSTL_CD,
ECB,PSTL_CD_MV,PSTL_CD_MV,Postal code - Maldives,STRNG,Post code,PSTL_CD,
ECB,PSTL_CD_GH,PSTL_CD_GH,Postal code - Ghana,STRNG,,PSTL_CD,
ECB,PSTL_CD_BE,PSTL_CD_BE,Postal code - Belgium,STRNG,Code postal,PSTL_CD,
ECB,PSTL_CD_LB,PSTL_CD_LB,Postal code - Lebanon,STRNG,Code postal,PSTL_CD,
ECB,PSTL_CD_PL,PSTL_CD_PL,Postal code - Poland,STRNG,Kod pocztowy,PSTL_CD,
ECB,PSTL_CD_BM,PSTL_CD_BM,Postal code - Bermuda,STRNG,Post codes,PSTL_CD,
ECB,PSTL_CD_CY,PSTL_CD_CY,Postal code - Cyprus,STRNG,Postcode,PSTL_CD,
ECB,PSTL_CD_GD,PSTL_CD_GD,Postal code - Grenada,STRNG,,PSTL_CD,
ECB,PSTL_CD_MZ,PSTL_CD_MZ,Postal code - Mozambique,STRNG,Código postal,PSTL_CD,
ECB,PSTL_CD_UM,PSTL_CD_UM,Postal code - United States Minor Outlying Islands (the),STRNG,,PSTL_CD,
ECB,PSTL_CD_BI,PSTL_CD_BI,Postal code - Burundi,STRNG,,PSTL_CD,
ECB,PSTL_CD_AU,PSTL_CD_AU,Postal code - Australia,STRNG,Postcode,PSTL_CD,
ECB,PSTL_CD_NF,PSTL_CD_NF,Postal code - Norfolk Island,STRNG,Post code,PSTL_CD,
ECB,PSTL_CD_VU,PSTL_CD_VU,Postal code - Vanuatu,STRNG,,PSTL_CD,
ECB,PSTL_CD_SX,PSTL_CD_SX,Postal code - Sint Maarten (Dutch part),STRNG,,PSTL_CD,
ECB,PSTL_CD_AQ,PSTL_CD_AQ,Postal code - Antarctica,STRNG,Postcode,PSTL_CD,
ECB,PSTL_CD_KG,PSTL_CD_KG,Postal code - Kyrgyzstan,STRNG,Почтовый индекс,PSTL_CD,
ECB,PSTL_CD_ST,PSTL_CD_ST,Postal code - Sao Tome and Principe,STRNG,,PSTL_CD,
ECB,PSTL_CD_VI,PSTL_CD_VI,Postal code - Virgin Islands (U.S.),STRNG,Zip Code (US),PSTL_CD,
ECB,PSTL_CD_SD,PSTL_CD_SD,Postal code - Sudan (the),STRNG,Postal code,PSTL_CD,
ECB,PSTL_CD_ET,PSTL_CD_ET,Postal code - Ethiopia,STRNG,Postal code,PSTL_CD,
ECB,PSTL_CD_AM,PSTL_CD_AM,Postal code - Armenia,STRNG,Postal index,PSTL_CD,
ECB,PSTL_CD_KW,PSTL_CD_KW,Postal code - Kuwait,STRNG,Postal code,PSTL_CD,
ECB,PSTL_CD_AI,PSTL_CD_AI,Postal code - Anguilla,STRNG,Post code,PSTL_CD,
ECB,PSTL_CD_NZ,PSTL_CD_NZ,Postal code - New Zealand,STRNG,Postcode,PSTL_CD,
ECB,PSTL_CD_VE,PSTL_CD_VE,Postal code - Venezuela (Bolivarian Republic of),STRNG,Código postal,PSTL_CD,
ECB,PSTL_CD_NR,PSTL_CD_NR,Postal code - Nauru,STRNG,,PSTL_CD,
ECB,PSTL_CD_SH,PSTL_CD_SH,"Postal code - Saint Helena, Ascension and Tristan da Cunha",STRNG,Postcode (UK),PSTL_CD,
ECB,PSTL_CD_SL,PSTL_CD_SL,Postal code - Sierra Leone,STRNG,,PSTL_CD,
ECB,PSTL_CD_AE,PSTL_CD_AE,Postal code - United Arab Emirates (the),STRNG,,PSTL_CD,
ECB,PSTL_CD_JO,PSTL_CD_JO,Postal code - Jordan,STRNG,Postal code,PSTL_CD,
ECB,PSTL_CD_VA,PSTL_CD_VA,Postal code - Holy See (the),STRNG,CAP (IT),PSTL_CD,
ECB,PSTL_CD_DE,PSTL_CD_DE,Postal code - Germany,STRNG,PLZ,PSTL_CD,
ECB,PSTL_CD_RU,PSTL_CD_RU,Postal code - Russian Federation (the),STRNG,Почтовый индекс,PSTL_CD,
ECB,PSTL_CD_SA,PSTL_CD_SA,Postal code - Saudi Arabia,STRNG,Postal code,PSTL_CD,
ECB,PSTL_CD_KR,PSTL_CD_KR,Postal code - Korea (the Republic of),STRNG,우편번호,PSTL_CD,
ECB,PSTL_CD_AL,PSTL_CD_AL,Postal code - Albania,STRNG,Kodi postar,PSTL_CD,
ECB,PSTL_CD_SE,PSTL_CD_SE,Postal code - Sweden,STRNG,Postnummer,PSTL_CD,
ECB,PSTL_CD_AD,PSTL_CD_AD,Postal code - Andorra,STRNG,Código postal,PSTL_CD,
ECB,PSTL_CD_KZ,PSTL_CD_KZ,Postal code - Kazakhstan,STRNG,Почтового индекса,PSTL_CD,
ECB,PSTL_CD_SM,PSTL_CD_SM,Postal code - San Marino,STRNG,CAP (IT),PSTL_CD,
ECB,PSTL_CD_SI,PSTL_CD_SI,Postal code - Slovenia,STRNG,Poštna številka,PSTL_CD,
ECB,PSTL_CD_DM,PSTL_CD_DM,Postal code - Dominica,STRNG,,PSTL_CD,
ECB,PSTL_CD_KN,PSTL_CD_KN,Postal code - Saint Kitts and Nevis,STRNG,,PSTL_CD,
ECB,PSTL_CD_SY,PSTL_CD_SY,Postal code - Syrian Arab Republic,STRNG,,PSTL_CD,
ECB,PSTL_CD_NC,PSTL_CD_NC,Postal code - New Caledonia,STRNG,Code postal (FR),PSTL_CD,
ECB,PSTL_CD_NG,PSTL_CD_NG,Postal code - Nigeria,STRNG,Postal code,PSTL_CD,
ECB,PSTL_CD_AT,PSTL_CD_AT,Postal code - Austria,STRNG,PLZ,PSTL_CD,
ECB,PSTL_CD_EE,PSTL_CD_EE,Postal code - Estonia,STRNG,Postiindeks,PSTL_CD,
ECB,PSTL_CD_NO,PSTL_CD_NO,Postal code - Norway,STRNG,Postnummer,PSTL_CD,
ECB,PSTL_CD_TT,PSTL_CD_TT,Postal code - Trinidad and Tobago,STRNG,,PSTL_CD,
ECB,PSTL_CD_BD,PSTL_CD_BD,Postal code - Bangladesh,STRNG,Post code,PSTL_CD,
ECB,PSTL_CD_LC,PSTL_CD_LC,Postal code - Saint Lucia,STRNG,,PSTL_CD,
ECB,PSTL_CD_MW,PSTL_CD_MW,Postal code - Malawi,STRNG,,PSTL_CD,
ECB,PSTL_CD_IN,PSTL_CD_IN,Postal code - India,STRNG,PIN code,PSTL_CD,
ECB,PSTL_CD_GI,PSTL_CD_GI,Postal code - Gibraltar,STRNG,Postcode (UK),PSTL_CD,
ECB,PSTL_CD_E$,PSTL_CD_E$,Postal code - European International Organisations,STRNG,,PSTL_CD,
ECB,PSTL_CD_MS,PSTL_CD_MS,Postal code - Montserrat,STRNG,Post code,PSTL_CD,
ECB,PSTL_CD_GM,PSTL_CD_GM,Postal code - Gambia (the),STRNG,,PSTL_CD,
ECB,PSTL_CD_ZW,PSTL_CD_ZW,Postal code - Zimbabwe,STRNG,,PSTL_CD,
ECB,PSTL_CD_BH,PSTL_CD_BH,Postal code - Bahrain,STRNG,Post code,PSTL_CD,
ECB,PSTL_CD_PA,PSTL_CD_PA,Postal code - Panama,STRNG,,PSTL_CD,
ECB,PSTL_CD_GE,PSTL_CD_GE,Postal code - Georgia,STRNG,Post code,PSTL_CD,
ECB,PSTL_CD_GA,PSTL_CD_GA,Postal code - Gabon,STRNG,,PSTL_CD,
ECB,PSTL_CD_CX,PSTL_CD_CX,Postal code - Christmas Island,STRNG,Postcode,PSTL_CD,
ECB,PSTL_CD_PE,PSTL_CD_PE,Postal code - Peru,STRNG,Código postal,PSTL_CD,
ECB,PSTL_CD_LK,PSTL_CD_LK,Postal code - Sri Lanka,STRNG,Postcode,PSTL_CD,
ECB,PSTL_CD_HR,PSTL_CD_HR,Postal code - Croatia,STRNG,Poštanski broj,PSTL_CD,
ECB,PSTL_CD_QA,PSTL_CD_QA,Postal code - Qatar,STRNG,,PSTL_CD,
ECB,PSTL_CD_MO,PSTL_CD_MO,Postal code - Macao,STRNG,$郵政編碼,PSTL_CD,
ECB,PSTL_CD_CH,PSTL_CD_CH,Postal code - Switzerland,STRNG,PLZ / Code postal,PSTL_CD,
ECB,PSTL_CD_GQ,PSTL_CD_GQ,Postal code - Equatorial Guinea,STRNG,,PSTL_CD,
ECB,PSTL_CD_TL,PSTL_CD_TL,Postal code - Timor-Leste,STRNG,,PSTL_CD,
ECB,PSTL_CD_TH,PSTL_CD_TH,Postal code - Thailand,STRNG,รหัสไปรษณีย์,PSTL_CD,
ECB,PSTL_CD_MK,PSTL_CD_MK,Postal code - Macedonia (the former Yugoslav Republic of),STRNG,Поштенски код,PSTL_CD,
ECB,PSTL_CD_IR,PSTL_CD_IR,Postal code - Iran (Islamic Republic of),STRNG,پستی کد,PSTL_CD,
ECB,PSTL_CD_GU,PSTL_CD_GU,Postal code - Guam,STRNG,Zip code (US),PSTL_CD,
ECB,PSTL_CD_CL,PSTL_CD_CL,Postal code - Chile,STRNG,Código postal,PSTL_CD,
ECB,PSTL_CD_CD,PSTL_CD_CD,Postal code - Congo (the Democratic Republic of the),STRNG,,PSTL_CD,
ECB,PSTL_CD_PY,PSTL_CD_PY,Postal code - Paraguay,STRNG,Código postal,PSTL_CD,
ECB,PSTL_CD_HN,PSTL_CD_HN,Postal code - Honduras,STRNG,Código postal,PSTL_CD,
ECB,PSTL_CD_FI,PSTL_CD_FI,Postal code - Finland,STRNG,Postinumero,PSTL_CD,
ECB,PSTL_CD_LS,PSTL_CD_LS,Postal code - Lesotho,STRNG,Postal code,PSTL_CD,
ECB,PSTL_CD_BT,PSTL_CD_BT,Postal code - Bhutan,STRNG,Post code,PSTL_CD,
ECB,PSTL_CD_FM,PSTL_CD_FM,Postal code - Micronesia (Federated States of),STRNG,Zip code (US),PSTL_CD,
ECB,PSTL_CD_TD,PSTL_CD_TD,Postal code - Chad,STRNG,,PSTL_CD,
ECB,PSTL_CD_GY,PSTL_CD_GY,Postal code - Guyana,STRNG,,PSTL_CD,
ECB,PSTL_CD_MG,PSTL_CD_MG,Postal code - Madagascar,STRNG,Code postal,PSTL_CD,
ECB,PSTL_CD_N$,PSTL_CD_N$,Postal code - Non-European International Organisations,STRNG,,PSTL_CD,
ECB,PSTL_CD_PG,PSTL_CD_PG,Postal code - Papua New Guinea,STRNG,Postal code,PSTL_CD,
ECB,PSTL_CD_LI,PSTL_CD_LI,Postal code - Liechtenstein,STRNG,PLZ (CH),PSTL_CD,
ECB,PSTL_CD_BN,PSTL_CD_BN,Postal code - Brunei Darussalam,STRNG,Kod,PSTL_CD,
ECB,PSTL_CD_CZ,PSTL_CD_CZ,Postal code - Czechia,STRNG,PSČ,PSTL_CD,
ECB,PSTL_CD_ID,PSTL_CD_ID,Postal code - Indonesia,STRNG,Kodepos,PSTL_CD,
ECB,PSTL_CD_GG,PSTL_CD_GG,Postal code - Guernsey,STRNG,Postcode (UK),PSTL_CD,
ECB,PSTL_CD_MY,PSTL_CD_MY,Postal code - Malaysia,STRNG,Postal code,PSTL_CD,
ECB,PSTL_CD_HT,PSTL_CD_HT,Postal code - Haiti,STRNG,Code postal,PSTL_CD,
ECB,PSTL_CD_BJ,PSTL_CD_BJ,Postal code - Benin,STRNG,,PSTL_CD,
ECB,PSTL_CD_TZ,PSTL_CD_TZ,"Postal code - Tanzania, United Republic of",STRNG,Postal code,PSTL_CD,
ECB,PSTL_CD_BB,PSTL_CD_BB,Postal code - Barbados,STRNG,Postal code,PSTL_CD,
ECB,PSTL_CD_TR,PSTL_CD_TR,Postal code - Turkey,STRNG,Posta kodu,PSTL_CD,
ECB,PSTL_CD_PK,PSTL_CD_PK,Postal code - Pakistan,STRNG,Post code,PSTL_CD,
ECB,PSTL_CD_CV,PSTL_CD_CV,Postal code - Cabo Verde,STRNG,CIP,PSTL_CD,
ECB,PSTL_CD_IL,PSTL_CD_IL,Postal code - Israel,STRNG,Postal code,PSTL_CD,
ECB,PSTL_CD_MU,PSTL_CD_MU,Postal code - Mauritius,STRNG,Post code,PSTL_CD,
ECB,PSTL_CD_CR,PSTL_CD_CR,Postal code - Costa Rica,STRNG,Código postal,PSTL_CD,
ECB,PSTL_CD_TV,PSTL_CD_TV,Postal code - Tuvalu,STRNG,,PSTL_CD,
ECB,PSTL_CD_BF,PSTL_CD_BF,Postal code - Burkina Faso,STRNG,,PSTL_CD,
ECB,PSTL_CD_LA,PSTL_CD_LA,Postal code - Lao People's Democratic Republic (the),STRNG,Postal code,PSTL_CD,
ECB,PSTL_CD_ME,PSTL_CD_ME,Postal code - Montenegro,STRNG,Поштански код,PSTL_CD,
ECB,PSTL_CD_FO,PSTL_CD_FO,Postal code - Faroe Islands (the),STRNG,Postnummur (DK),PSTL_CD,
ECB,PSTL_CD_BV,PSTL_CD_BV,Postal code - Bouvet Island,STRNG,,PSTL_CD,
ECB,PSTL_CD_ZA,PSTL_CD_ZA,Postal code - South Africa,STRNG,Postal code,PSTL_CD,
ECB,PSTL_CD_TF,PSTL_CD_TF,Postal code - French Southern Territories (the),STRNG,Code postal,PSTL_CD,
ECB,PSTL_CD_LU,PSTL_CD_LU,Postal code - Luxembourg,STRNG,Code postal,PSTL_CD,
ECB,PSTL_CD_BR,PSTL_CD_BR,Postal code - Brazil,STRNG,CEP,PSTL_CD,
ECB,PSTL_CD_FK,PSTL_CD_FK,Postal code - Falkland Islands (the) [Malvinas],STRNG,Postcode,PSTL_CD,
ECB,PSTL_CD_CF,PSTL_CD_CF,Postal code - Central African Republic (the),STRNG,,PSTL_CD,
ECB,PSTL_CD_MA,PSTL_CD_MA,Postal code - Morocco,STRNG,Code postal,PSTL_CD,
ECB,PSTL_CD_CN,PSTL_CD_CN,Postal code - China,STRNG,郵政編碼,PSTL_CD,
ECB,PSTL_CD_GW,PSTL_CD_GW,Postal code - Guinea-Bissau,STRNG,Código postal,PSTL_CD,
ECB,PSTL_CD_PS,PSTL_CD_PS,"Postal code - Palestine, State of",STRNG,Post code,PSTL_CD,
ECB,PSTL_CD_TJ,PSTL_CD_TJ,Postal code - Tajikistan,STRNG,Нишонаи почта,PSTL_CD,
ECB,PSTL_CD_ZM,PSTL_CD_ZM,Postal code - Zambia,STRNG,Postal code,PSTL_CD,
ECB,PSTL_CD_BZ,PSTL_CD_BZ,Postal code - Belize,STRNG,,PSTL_CD,
ECB,PSTL_CD_LY,PSTL_CD_LY,Postal code - Libya,STRNG,,PSTL_CD,
ECB,PSTL_CD_TN,PSTL_CD_TN,Postal code - Tunisia,STRNG,Code postal,PSTL_CD,
ECB,PSTL_CD_PW,PSTL_CD_PW,Postal code - Palau,STRNG,Postal code,PSTL_CD,
ECB,PSTL_CD_UZ,PSTL_CD_UZ,Postal code - Uzbekistan,STRNG,Почтовый индекс,PSTL_CD,
ECB,PSTL_CD_MM,PSTL_CD_MM,Postal code - Myanmar,STRNG,Postal code,PSTL_CD,
ECB,PSTL_CD_IT,PSTL_CD_IT,Postal code - Italy,STRNG,CAP,PSTL_CD,
ECB,PSTL_CD_GS,PSTL_CD_GS,Postal code - South Georgia and the South Sandwich Islands,STRNG,Post code,PSTL_CD,
ECB,PSTL_CD_DO,PSTL_CD_DO,Postal code - Dominican Republic (the),STRNG,Código postal,PSTL_CD,
ECB,PSTL_CD_SK,PSTL_CD_SK,Postal code - Slovakia,STRNG,PSČ,PSTL_CD,
ECB,PSTL_CD_AF,PSTL_CD_AF,Postal code - Afghanistan,STRNG,Post code,PSTL_CD,
ECB,PSTL_CD_SO,PSTL_CD_SO,Postal code - Somalia,STRNG,,PSTL_CD,
ECB,PSTL_CD_NU,PSTL_CD_NU,Postal code - Niue,STRNG,,PSTL_CD,
ECB,PSTL_CD_DK,PSTL_CD_DK,Postal code - Denmark,STRNG,Postnummer,PSTL_CD,
ECB,PSTL_CD_RS,PSTL_CD_RS,Postal code - Serbia,STRNG,Поштански код,PSTL_CD,
ECB,PSTL_CD_KP,PSTL_CD_KP,Postal code - Korea (the Democratic People's Republic of),STRNG,,PSTL_CD,
ECB,PSTL_CD_SG,PSTL_CD_SG,Postal code - Singapore,STRNG,Postal code,PSTL_CD,
ECB,PSTL_CD_SC,PSTL_CD_SC,Postal code - Seychelles,STRNG,,PSTL_CD,
ECB,PSTL_CD_OM,PSTL_CD_OM,Postal code - Oman,STRNG,Postal code,PSTL_CD,
ECB,PSTL_CD_ES,PSTL_CD_ES,Postal code - Spain,STRNG,Código postal,PSTL_CD,
ECB,PSTL_CD_RW,PSTL_CD_RW,Postal code - Rwanda,STRNG,,PSTL_CD,
ECB,PSTL_CD_VN,PSTL_CD_VN,Postal code - Viet Nam,STRNG,Mã bưu chính,PSTL_CD,
ECB,PSTL_CD_EC,PSTL_CD_EC,Postal code - Ecuador,STRNG,Código postal,PSTL_CD,
ECB,PSTL_CD_AZ,PSTL_CD_AZ,Postal code - Azerbaijan,STRNG,İndeks,PSTL_CD,
ECB,PSTL_CD_SS,PSTL_CD_SS,Postal code - South Sudan,STRNG,Postal code,PSTL_CD,
ECB,PSTL_CD_NI,PSTL_CD_NI,Postal code - Nicaragua,STRNG,Código postal,PSTL_CD,
ECB,PSTL_CD_JP,PSTL_CD_JP,Postal code - Japan,STRNG,郵便番号,PSTL_CD,
ECB,PSTL_CD_EG,PSTL_CD_EG,Postal code - Egypt,STRNG,البريدي الرمز,PSTL_CD,
ECB,PSTL_CD_WF,PSTL_CD_WF,Postal code - Wallis and Futuna,STRNG,Code postal (FR),PSTL_CD,
ECB,PSTL_CD_KH,PSTL_CD_KH,Postal code - Cambodia,STRNG,Postal code,PSTL_CD,
ECB,PSTL_CD_NE,PSTL_CD_NE,Postal code - Niger (the),STRNG,Code postal,PSTL_CD,
ECB,PSTL_CD_RO,PSTL_CD_RO,Postal code - Romania,STRNG,Cod poştal,PSTL_CD,
ECB,PSTL_CD_NA,PSTL_CD_NA,Postal code - Namibia,STRNG,,PSTL_CD,
ECB,PSTL_CD_AR,PSTL_CD_AR,Postal code - Argentina,STRNG,CPA,PSTL_CD,
ECB,PSTL_CD_YE,PSTL_CD_YE,Postal code - Yemen,STRNG,,PSTL_CD,
ECB,PSTL_CD_SV,PSTL_CD_SV,Postal code - El Salvador,STRNG,Código postal,PSTL_CD,
ECB,PSTL_CD_NL,PSTL_CD_NL,Postal code - Netherlands (the),STRNG,Postcode,PSTL_CD,
ECB,PSTL_CD_SR,PSTL_CD_SR,Postal code - Suriname,STRNG,,PSTL_CD,
ECB,PSTL_CD_KE,PSTL_CD_KE,Postal code - Kenya,STRNG,Postal code,PSTL_CD,
ECB,PSTL_CD_SZ,PSTL_CD_SZ,Postal code - Swaziland,STRNG,Postal code,PSTL_CD,
ECB,PSTL_CD_KM,PSTL_CD_KM,Postal code - Comoros (the),STRNG,,PSTL_CD,
ECB,PSTL_CD_AS,PSTL_CD_AS,Postal code - American Samoa,STRNG,Zip code (US),PSTL_CD,
ECB,PSTL_CD_DZ,PSTL_CD_DZ,Postal code - Algeria,STRNG,Code postal,PSTL_CD,
ECB,PSTL_CD_KI,PSTL_CD_KI,Postal code - Kiribati,STRNG,,PSTL_CD,
ECB,PSTL_CD_AW,PSTL_CD_AW,Postal code - Aruba,STRNG,,PSTL_CD,
ECB,PSTL_CD_JM,PSTL_CD_JM,Postal code - Jamaica,STRNG,Postal code,PSTL_CD,
ECB,PSTL_CD_DJ,PSTL_CD_DJ,Postal code - Djibouti,STRNG,,PSTL_CD,
ECB,PSTL_CD_VC,PSTL_CD_VC,Postal code - Saint Vincent and the Grenadines,STRNG,Postal code,PSTL_CD,
ECB,PSTL_CD_SN,PSTL_CD_SN,Postal code - Senegal,STRNG,Code postal,PSTL_CD,
ECB,PSTL_CD_AG,PSTL_CD_AG,Postal code - Antigua and Barbuda,STRNG,Post code,PSTL_CD,
ECB,PSTL_CD_KY,PSTL_CD_KY,Postal code - Cayman Islands (the),STRNG,Postcode (UK),PSTL_CD,
ECB,PSTL_CD_WS,PSTL_CD_WS,Postal code - Samoa,STRNG,Postal code,PSTL_CD,
ECB,PSTL_CD_VG,PSTL_CD_VG,Postal code - Virgin Islands (British),STRNG,Postal code,PSTL_CD,
ECB,PSTL_CD_NP,PSTL_CD_NP,Postal code - Nepal,STRNG,Postal code,PSTL_CD,
ECB,PSTL_CD_ER,PSTL_CD_ER,Postal code - Eritrea,STRNG,,PSTL_CD,
ECB,PSTL_CD_SB,PSTL_CD_SB,Postal code - Solomon Islands,STRNG,,PSTL_CD,
ECB,PSTL_CD_AO,PSTL_CD_AO,Postal code - Angola,STRNG,,PSTL_CD,
ECB,PSTL_CD_JE,PSTL_CD_JE,Postal code - Jersey,STRNG,Postcode (UK),PSTL_CD,
ECB,PSTL_CD_CG,PSTL_CD_CG,Postal code - Congo (the),STRNG,,PSTL_CD,
ECB,PSTL_CD_LT,PSTL_CD_LT,Postal code - Lithuania,STRNG,Pašto kodas,PSTL_CD,
ECB,PSTL_CD_HM,PSTL_CD_HM,Postal code - Heard Island and McDonald Islands,STRNG,Postcode,PSTL_CD,
ECB,PSTL_CD_FJ,PSTL_CD_FJ,Postal code - Fiji,STRNG,,PSTL_CD,
ECB,PSTL_CD_BS,PSTL_CD_BS,Postal code - Bahamas (the),STRNG,,PSTL_CD,
ECB,PSTL_CD_TC,PSTL_CD_TC,Postal code - Turks and Caicos Islands (the),STRNG,Postcode (UK),PSTL_CD,
ECB,PSTL_CD_TG,PSTL_CD_TG,Postal code - Togo,STRNG,,PSTL_CD,
ECB,PSTL_CD_BW,PSTL_CD_BW,Postal code - Botswana,STRNG,,PSTL_CD,
ECB,PSTL_CD_CC,PSTL_CD_CC,Postal code - Cocos (Keeling) Islands (the),STRNG,Post code,PSTL_CD,
ECB,PSTL_CD_MD,PSTL_CD_MD,Postal code - Moldova (the Republic of),STRNG,Coduri poştale,PSTL_CD,
ECB,PSTL_CD_US,PSTL_CD_US,Postal code - United States of America (the),STRNG,ZIP code,PSTL_CD,
ECB,PSTL_CD_ML,PSTL_CD_ML,Postal code - Mali,STRNG,,PSTL_CD,
ECB,PSTL_CD_CK,PSTL_CD_CK,Postal code - Cook Islands (the),STRNG,,PSTL_CD,
ECB,PSTL_CD_GR,PSTL_CD_GR,Postal code - Greece,STRNG,T.K.,PSTL_CD,
ECB,PSTL_CD_TO,PSTL_CD_TO,Postal code - Tonga,STRNG,,PSTL_CD,
ECB,PSTL_CD_TK,PSTL_CD_TK,Postal code - Tokelau,STRNG,,PSTL_CD,
ECB,PSTL_CD_MH,PSTL_CD_MH,Postal code - Marshall Islands (the),STRNG,Zip code (US),PSTL_CD,
ECB,PSTL_CD_IQ,PSTL_CD_IQ,Postal code - Iraq,STRNG,Postal code,PSTL_CD,
ECB,PSTL_CD_CO,PSTL_CD_CO,Postal code - Colombia,STRNG,Código postal,PSTL_CD,
ECB,PSTL_CD_HU,PSTL_CD_HU,Postal code - Hungary,STRNG,Irányítószám,PSTL_CD,
ECB,PSTL_CD_FR,PSTL_CD_FR,Postal code - France,STRNG,Code postal,PSTL_CD,
ECB,PSTL_CD_MX,PSTL_CD_MX,Postal code - Mexico,STRNG,Código postal,PSTL_CD,
ECB,PSTL_CD_GB,PSTL_CD_GB,Postal code - United Kingdom of Great Britain and Northern Ireland (the),STRNG,Postcode,PSTL_CD,
ECB,PSTL_CD_IE,PSTL_CD_IE,Postal code - Ireland,STRNG,Eircode,PSTL_CD,
ECB,PSTL_CD_BO,PSTL_CD_BO,Postal code - Bolivia (Plurinational State of),STRNG,,PSTL_CD,
ECB,PSTL_CD_PF,PSTL_CD_PF,Postal code - French Polynesia,STRNG,Code postal (FR),PSTL_CD,
ECB,PSTL_CD_BG,PSTL_CD_BG,Postal code - Bulgaria,STRNG,Пощенски код,PSTL_CD,
ECB,PSTL_CD_TW,PSTL_CD_TW,Postal code - Taiwan (Province of China),STRNG,郵遞區號,PSTL_CD,
ECB,PSTL_CD_PN,PSTL_CD_PN,Postal code - Pitcairn,STRNG,Post code,PSTL_CD,
ECB,PSTL_CD_MT,PSTL_CD_MT,Postal code - Malta,STRNG,Kodiċi Postali,PSTL_CD,
ECB,PSTL_CD_IM,PSTL_CD_IM,Postal code - Isle of Man,STRNG,Postcode (UK),PSTL_CD,
ECB,PSTL_CD_MP,PSTL_CD_MP,Postal code - Northern Mariana Islands (the),STRNG,Zip code (US),PSTL_CD,
ECB,PSTL_CD_CW,PSTL_CD_CW,Postal code - Curacao,STRNG,,PSTL_CD,
ECB,PSTL_CD_GN,PSTL_CD_GN,Postal code - Guinea,STRNG,Code postal,PSTL_CD,
ECB,PSTL_CD_UG,PSTL_CD_UG,Postal code - Uganda,STRNG,,PSTL_CD,